date,open,close,low,high,volume,amount,change_pct,stock_code
2020-01-02,22.914,23.1,23.343,22.914,5913.0,,,300757.SZ
2020-01-03,23.028,22.871,23.2,22.557,8231.0,,-0.9913419913419985,300757.SZ
2020-01-06,22.778,22.543,22.778,22.293,12357.0,,-1.4341305583490005,300757.SZ
2020-01-07,22.543,23.921,24.564,22.543,23634.0,,6.112762276538164,300757.SZ
2020-01-08,23.607,24.778,25.136,23.421,33737.0,,3.582626144391954,300757.SZ
2020-01-09,24.778,24.6,24.828,24.036,20068.0,,-0.7183792073613526,300757.SZ
2020-01-10,24.564,25.064,25.978,24.414,27594.0,,1.8861788617886122,300757.SZ
2020-01-13,23.707,24.85,24.85,23.371,20745.0,,-0.8538142355569711,300757.SZ
2020-01-14,24.557,24.4,24.886,24.386,12005.0,,-1.8108651911468931,300757.SZ
2020-01-15,24.528,25.386,25.421,24.028,15399.0,,4.04098360655738,300757.SZ
2020-01-16,25.343,24.957,25.35,24.636,9636.0,,-1.6899078232096354,300757.SZ
2020-01-17,24.957,24.428,24.964,24.1,8824.0,,-2.119645790760105,300757.SZ
2020-01-20,24.421,24.528,24.636,24.214,5764.0,,0.4093663009660853,300757.SZ
2020-01-21,24.314,23.993,24.543,23.964,4384.0,,-2.181180691454665,300757.SZ
2020-01-22,23.936,23.743,24.043,23.307,5708.0,,-1.0419705747509722,300757.SZ
2020-01-23,23.921,22.986,24.378,22.964,8765.0,,-3.1883081329233787,300757.SZ
2020-02-03,20.643,20.643,20.643,20.643,3691.0,,-10.193161054554945,300757.SZ
2020-02-04,19.407,21.086,21.207,19.407,9296.0,,2.146005909993698,300757.SZ
2020-02-05,20.921,21.343,21.771,20.921,6582.0,,1.2188181731954906,300757.SZ
2020-02-06,21.343,21.586,21.671,20.9,8305.0,,1.1385465960736418,300757.SZ
2020-02-07,21.586,21.757,21.821,21.214,6920.0,,0.7921801167423359,300757.SZ
2020-02-10,21.707,21.778,21.971,21.578,5548.0,,0.09652066001746284,300757.SZ
2020-02-11,21.736,21.7,21.971,21.6,4560.0,,-0.3581596106162155,300757.SZ
2020-02-12,22.314,23.914,23.914,22.307,24081.0,,10.202764976958534,300757.SZ
2020-02-13,24.564,25.278,25.986,23.936,49800.0,,5.703771849126027,300757.SZ
2020-02-14,24.207,24.593,25.078,24.207,21499.0,,-2.709866286889784,300757.SZ
2020-02-17,24.564,25.114,25.264,24.1,23854.0,,2.118489000935231,300757.SZ
2020-02-18,25.043,26.693,27.407,24.921,36967.0,,6.2873297762204405,300757.SZ
2020-02-19,26.15,26.193,27.764,26.028,28226.0,,-1.8731502641141873,300757.SZ
2020-02-20,26.321,26.007,26.614,25.121,25512.0,,-0.710113389073419,300757.SZ
2020-02-21,25.814,28.65,28.65,25.543,57834.0,,10.162648517706764,300757.SZ
2020-02-24,28.993,31.557,31.557,28.514,60567.0,,10.146596858638745,300757.SZ
2020-02-25,31.6,31.957,34.207,30.636,67231.0,,1.2675476122572027,300757.SZ
2020-02-26,31.35,30.778,33.636,29.564,55444.0,,-3.689332540601442,300757.SZ
2020-02-27,30.75,29.436,31.136,28.278,37896.0,,-4.360257326661898,300757.SZ
2020-02-28,28.55,26.607,28.636,26.478,26083.0,,-9.610680799021608,300757.SZ
2020-03-02,27.278,28.128,28.75,26.028,18710.0,,5.716540759950384,300757.SZ
2020-03-03,28.35,29.064,30.271,28.35,25048.0,,3.327645051194539,300757.SZ
2020-03-04,28.993,28.786,29.736,27.786,19087.0,,-0.9565097715386717,300757.SZ
2020-03-05,29.35,29.464,29.993,28.786,16145.0,,2.3553116098103066,300757.SZ
2020-03-06,29.093,28.414,29.093,28.128,14341.0,,-3.563670920445283,300757.SZ
2020-03-09,27.464,27.171,28.85,26.8,16754.0,,-4.374604068416987,300757.SZ
2020-03-10,26.378,27.586,27.821,25.828,15648.0,,1.5273637333922174,300757.SZ
2020-03-11,27.85,27.671,28.771,27.05,20340.0,,0.30812731095484214,300757.SZ
2020-03-12,27.057,27.007,27.671,26.421,10388.0,,-2.3996241552527886,300757.SZ
2020-03-13,25.436,26.493,26.993,25.421,14557.0,,-1.9032102788166139,300757.SZ
2020-03-16,26.564,23.8,27.1,23.8,27284.0,,-10.164949231872566,300757.SZ
2020-03-17,23.978,22.921,24.336,21.993,16328.0,,-3.69327731092437,300757.SZ
2020-03-18,23.371,22.936,24.336,22.421,19467.0,,0.06544217093495952,300757.SZ
2020-03-19,23.178,23.621,23.8,22.778,13983.0,,2.986571328915244,300757.SZ
2020-03-20,23.843,24.107,24.328,23.578,11718.0,,2.0574912154438962,300757.SZ
2020-03-23,23.636,23.15,23.886,23.043,11221.0,,-3.9698013025262435,300757.SZ
2020-03-24,23.621,23.586,23.757,21.707,10505.0,,1.883369330453566,300757.SZ
2020-03-25,23.907,25.986,25.986,23.907,41021.0,,10.175527855507504,300757.SZ
2020-03-26,25.286,26.607,26.686,25.286,27361.0,,2.389748326021701,300757.SZ
2020-03-27,26.636,27.157,27.964,26.271,20722.0,,2.067125192618491,300757.SZ
2020-03-30,27.207,27.993,28.0,26.278,18908.0,,3.0783959936664607,300757.SZ
2020-03-31,27.964,27.171,28.421,27.064,15656.0,,-2.93644839781374,300757.SZ
2020-04-01,27.85,27.621,27.957,26.971,11261.0,,1.6561775422325287,300757.SZ
2020-04-02,27.3,27.814,27.914,27.064,10201.0,,0.6987437094964077,300757.SZ
2020-04-03,27.578,29.407,30.493,27.578,26084.0,,5.72733155964622,300757.SZ
2020-04-07,29.286,29.421,30.171,29.278,13201.0,,0.04760771244940454,300757.SZ
2020-04-08,29.628,30.357,30.514,29.336,13950.0,,3.181401040073406,300757.SZ
2020-04-09,30.286,29.593,30.85,29.564,12765.0,,-2.5167177257304774,300757.SZ
2020-04-10,29.336,28.678,29.95,28.628,14911.0,,-3.0919474199979646,300757.SZ
2020-04-13,28.678,28.678,29.336,28.0,9346.0,,0.0,300757.SZ
2020-04-14,28.786,28.993,29.907,28.643,8166.0,,1.0984029569705012,300757.SZ
2020-04-15,28.764,29.857,30.278,28.743,15883.0,,2.980029662332284,300757.SZ
2020-04-16,30.007,30.193,30.993,29.328,14544.0,,1.1253642361925165,300757.SZ
2020-04-17,30.2,29.978,30.636,29.557,8465.0,,-0.7120855827509653,300757.SZ
2020-04-20,30.028,30.921,31.307,29.571,14867.0,,3.145640136099792,300757.SZ
2020-04-21,30.857,27.786,30.857,27.786,34937.0,,-10.13874066168623,300757.SZ
2020-04-22,27.278,30.607,30.607,27.171,43442.0,,10.15259483192974,300757.SZ
2020-04-23,30.593,29.278,30.828,29.014,27586.0,,-4.342143953997457,300757.SZ
2020-04-24,29.664,28.021,29.664,28.021,16422.0,,-4.293326046861113,300757.SZ
2020-04-27,27.914,29.136,30.236,27.914,20543.0,,3.979158488276635,300757.SZ
2020-04-28,29.086,27.636,29.414,27.278,17014.0,,-5.148270181219106,300757.SZ
2020-04-29,27.636,26.836,27.764,26.707,12187.0,,-2.8947749312491,300757.SZ
2020-04-30,26.778,26.764,27.407,26.636,7360.0,,-0.2682963183782916,300757.SZ
2020-05-06,26.836,28.107,28.421,26.207,10635.0,,5.017934538932889,300757.SZ
2020-05-07,28.064,28.171,28.707,27.778,8402.0,,0.2277012843775683,300757.SZ
2020-05-08,28.6,27.757,28.6,27.478,9282.0,,-1.4695963934542533,300757.SZ
2020-05-11,27.736,29.4,30.136,27.336,16579.0,,5.91922758223149,300757.SZ
2020-05-12,29.364,29.257,29.364,28.136,13913.0,,-0.48639455782312213,300757.SZ
2020-05-13,29.278,29.493,29.9,28.578,12052.0,,0.8066445636941477,300757.SZ
2020-05-14,29.7,29.486,29.886,28.957,8951.0,,-0.023734445461631726,300757.SZ
2020-05-15,29.171,29.228,29.671,28.886,7699.0,,-0.8749915213999815,300757.SZ
2020-05-18,29.271,28.571,29.6,28.35,7655.0,,-2.247844532639931,300757.SZ
2020-05-19,28.621,28.586,29.278,28.371,5200.0,,0.052500787511799984,300757.SZ
2020-05-20,28.7,29.636,29.636,26.0,15139.0,,3.6731267053802696,300757.SZ
2020-05-21,29.6,28.3,30.543,28.228,16090.0,,-4.5080307733837195,300757.SZ
2020-05-22,28.307,27.243,28.628,27.007,8355.0,,-3.73498233215549,300757.SZ
2020-05-25,27.714,27.571,27.843,26.707,4511.0,,1.2039790037807974,300757.SZ
2020-05-26,27.393,27.564,27.893,27.378,4299.0,,-0.02538899568387265,300757.SZ
2020-05-27,28.05,26.743,28.05,26.743,5586.0,,-2.9785227107821832,300757.SZ
2020-05-28,26.743,26.793,27.114,26.1,6037.0,,0.18696481322215686,300757.SZ
2020-05-29,26.478,26.843,27.336,26.278,4694.0,,0.18661590713993093,300757.SZ
2020-06-01,26.886,26.85,27.35,26.507,8498.0,,0.026077562120474518,300757.SZ
2020-06-02,26.907,27.078,27.264,26.678,5436.0,,0.8491620111731768,300757.SZ
2020-06-03,27.243,27.757,28.178,26.993,13481.0,,2.5075707216190235,300757.SZ
2020-06-04,27.757,28.421,29.278,27.757,13977.0,,2.392189357639496,300757.SZ
2020-06-05,28.807,28.314,28.857,27.921,6491.0,,-0.37648217867070066,300757.SZ
2020-06-08,28.771,27.536,28.771,27.393,6915.0,,-2.747757293211839,300757.SZ
2020-06-09,27.478,27.35,27.478,26.978,3491.0,,-0.6754793724578767,300757.SZ
2020-06-10,27.421,28.293,28.421,27.4,5600.0,,3.4478976234003644,300757.SZ
2020-06-11,28.143,28.386,29.121,28.064,8501.0,,0.328703212808823,300757.SZ
2020-06-12,27.986,27.593,28.271,27.564,6356.0,,-2.7936306630028884,300757.SZ
2020-06-15,27.514,26.7,27.514,26.693,10928.0,,-3.236328054216653,300757.SZ
2020-06-16,26.993,27.15,27.414,26.878,5285.0,,1.6853932584269593,300757.SZ
2020-06-17,27.15,27.143,27.378,26.85,4403.0,,-0.02578268876610723,300757.SZ
2020-06-18,27.278,27.357,28.114,26.878,8649.0,,0.7884169030689225,300757.SZ
2020-06-19,27.045,27.431,27.538,27.045,4361.0,"{'nd': '2019', 'fh_sh': '1.93', 'djr': '2020-06-18', 'cqr': '2020-06-19', 'FHcontent': '10派1.93元'}",0.27049749607048756,300757.SZ
2020-06-22,27.209,27.502,28.173,27.209,5809.0,,0.2588312493164491,300757.SZ
2020-06-23,27.559,26.902,27.559,26.802,6684.0,,-2.1816595156715746,300757.SZ
2020-06-24,26.788,26.802,27.081,26.788,4394.0,,-0.3717195747528157,300757.SZ
2020-06-29,26.773,27.238,27.623,26.488,8454.0,,1.6267442728154613,300757.SZ
2020-06-30,27.238,28.273,28.552,27.238,15686.0,,3.799838460973648,300757.SZ
2020-07-01,28.773,27.938,28.773,27.773,7259.0,,-1.1848760301347627,300757.SZ
2020-07-02,28.023,27.559,28.273,27.402,11238.0,,-1.3565752738205927,300757.SZ
2020-07-03,27.495,27.859,27.902,27.059,9415.0,,1.0885736057186346,300757.SZ
2020-07-06,27.859,28.773,28.952,27.845,17246.0,,3.280806920564272,300757.SZ
2020-07-07,28.902,29.059,29.695,28.831,16178.0,,0.9939874187606446,300757.SZ
2020-07-08,29.631,29.002,29.631,28.638,13757.0,,-0.1961526549433934,300757.SZ
2020-07-09,29.088,31.931,31.931,29.002,29700.0,,10.099303496310608,300757.SZ
2020-07-10,35.095,35.152,35.152,33.352,65969.0,,10.087375904293626,300757.SZ
2020-07-13,35.416,36.902,36.902,34.202,40669.0,,4.978379608557115,300757.SZ
2020-07-14,35.766,35.831,36.445,35.252,21415.0,,-2.9022817191480033,300757.SZ
2020-07-15,35.852,37.702,38.909,35.852,31008.0,,5.221735368814695,300757.SZ
2020-07-16,37.702,35.831,38.631,34.216,22024.0,,-4.962601453503779,300757.SZ
2020-07-17,36.881,38.952,39.395,35.088,22966.0,,8.710334626440774,300757.SZ
2020-07-20,39.338,36.616,39.631,35.031,40757.0,,-5.997124666255904,300757.SZ
2020-07-21,35.438,35.623,36.116,34.781,15037.0,,-2.711929211273767,300757.SZ
2020-07-22,35.509,35.616,36.666,35.216,10941.0,,-0.01965022597759658,300757.SZ
2020-07-23,35.281,34.181,36.138,33.273,23464.0,,-4.029088050314467,300757.SZ
2020-07-24,34.688,31.138,34.702,31.131,18519.0,,-8.90260671133084,300757.SZ
2020-07-27,30.823,29.952,31.881,29.881,13083.0,,-3.8088509217033883,300757.SZ
2020-07-28,30.238,31.309,31.809,29.916,10537.0,,4.530582264957261,300757.SZ
2020-07-29,31.773,31.859,31.952,30.138,9296.0,,1.7566833817752148,300757.SZ
2020-07-30,31.838,31.602,32.773,31.523,7690.0,,-0.8066794312439285,300757.SZ
2020-07-31,31.773,32.059,32.666,31.488,9384.0,,1.4461110056325444,300757.SZ
2020-08-03,32.059,34.366,34.966,31.923,21749.0,,7.196107177391697,300757.SZ
2020-08-04,34.195,32.631,34.616,31.973,14160.0,,-5.048594541116214,300757.SZ
2020-08-05,32.966,33.109,33.673,32.038,7134.0,,1.4648646992124092,300757.SZ
2020-08-06,32.709,33.095,33.623,32.702,5312.0,,-0.042284575191042784,300757.SZ
2020-08-07,33.316,32.688,33.316,31.845,6688.0,,-1.2297930200936613,300757.SZ
2020-08-10,31.831,33.116,33.552,31.552,8635.0,,1.309348996573667,300757.SZ
2020-08-11,32.702,32.202,33.216,32.066,3959.0,,-2.759995168498619,300757.SZ
2020-08-12,32.852,31.759,32.852,30.838,4345.0,,-1.37569095087261,300757.SZ
2020-08-13,31.766,30.488,32.888,30.388,6663.0,,-4.002015176800278,300757.SZ
2020-08-14,30.509,30.631,31.088,29.523,4343.0,,0.4690369981632081,300757.SZ
2020-08-17,30.559,33.016,33.131,30.195,12295.0,,7.7862296366426165,300757.SZ
2020-08-18,32.916,33.909,34.302,32.916,11254.0,,2.7047492125030326,300757.SZ
2020-08-19,33.716,33.273,34.345,33.245,9427.0,,-1.8756082455985035,300757.SZ
2020-08-20,33.159,32.795,33.481,32.452,6017.0,,-1.4366002464460736,300757.SZ
2020-08-21,32.795,32.723,33.488,32.195,5082.0,,-0.21954566244855034,300757.SZ
2020-08-24,31.559,33.545,33.902,31.559,7698.0,,2.5119946215200306,300757.SZ
2020-08-25,33.409,33.131,34.331,32.923,8566.0,,-1.2341630645401724,300757.SZ
2020-08-26,33.331,31.195,33.466,30.888,16533.0,,-5.843469862062722,300757.SZ
2020-08-27,31.195,32.416,32.531,30.831,10149.0,,3.914088796281434,300757.SZ
2020-08-28,32.345,32.045,33.316,31.738,6511.0,,-1.1444965449160738,300757.SZ
2020-08-31,32.202,33.088,33.559,31.966,11066.0,,3.2547979403963145,300757.SZ
2020-09-01,33.202,33.773,33.866,31.809,13052.0,,2.0702369439071555,300757.SZ
2020-09-02,33.845,33.952,34.695,33.773,13215.0,,0.5300091789298911,300757.SZ
2020-09-03,33.966,33.902,34.473,33.316,11053.0,,-0.1472667295004615,300757.SZ
2020-09-04,34.352,33.731,34.373,33.359,8251.0,,-0.5043950209427162,300757.SZ
2020-09-07,33.773,33.688,35.273,33.409,12629.0,,-0.12747917346060955,300757.SZ
2020-09-08,33.988,33.638,34.666,33.545,11750.0,,-0.14842080265971003,300757.SZ
2020-09-09,33.273,32.931,33.523,32.238,8596.0,,-2.10178964266603,300757.SZ
2020-09-10,32.988,30.859,32.988,30.473,12279.0,,-6.291943761197638,300757.SZ
2020-09-11,30.988,32.131,32.252,30.295,8452.0,,4.121974140445239,300757.SZ
2020-09-14,34.988,34.202,36.702,33.202,29439.0,,6.445488780305619,300757.SZ
2020-09-15,34.223,34.073,35.059,32.923,16234.0,,-0.37717092567685073,300757.SZ
2020-09-16,34.073,34.631,35.916,33.352,15179.0,,1.6376603175534798,300757.SZ
2020-09-17,34.323,35.316,35.559,34.045,12705.0,,1.9779965926482124,300757.SZ
2020-09-18,34.631,33.981,35.581,33.659,9139.0,,-3.780156303092086,300757.SZ
2020-09-21,33.981,32.773,33.988,32.366,9225.0,,-3.55492775374473,300757.SZ
2020-09-22,32.752,31.259,32.752,31.216,6513.0,,-4.619656424495777,300757.SZ
2020-09-23,31.638,32.195,33.266,31.281,8839.0,,2.9943376307623337,300757.SZ
2020-09-24,32.202,31.616,32.531,31.138,5086.0,,-1.7984159030905444,300757.SZ
2020-09-25,32.331,31.402,32.416,31.102,4463.0,,-0.6768724696356254,300757.SZ
2020-09-28,31.281,29.873,31.681,29.859,8502.0,,-4.869116616776004,300757.SZ
2020-09-29,30.059,29.281,30.173,28.281,5969.0,,-1.9817226257824894,300757.SZ
2020-09-30,29.281,29.095,30.052,28.631,5285.0,,-0.635224206823537,300757.SZ
2020-10-09,29.631,30.095,31.259,29.631,14622.0,,3.4370166695308457,300757.SZ
2020-10-12,30.416,30.645,30.702,29.781,6931.0,,1.8275461040039964,300757.SZ
2020-10-13,30.066,30.973,31.559,29.931,6351.0,,1.0703214227443247,300757.SZ
2020-10-14,30.952,29.966,31.045,29.559,9825.0,,-3.2512188034739875,300757.SZ
2020-10-15,29.802,29.045,30.145,28.973,6992.0,,-3.0734832810518586,300757.SZ
2020-10-16,29.402,29.452,29.573,28.873,2990.0,,1.4012738853503182,300757.SZ
2020-10-19,29.545,28.488,29.916,28.466,4329.0,,-3.273122368599768,300757.SZ
2020-10-20,28.759,29.216,29.452,28.166,4409.0,,2.555461948890758,300757.SZ
2020-10-21,29.009,27.838,29.345,27.552,7731.0,,-4.716593647316536,300757.SZ
2020-10-22,27.781,27.788,28.138,26.445,10342.0,,-0.17961060421007868,300757.SZ
2020-10-23,27.795,27.116,28.388,27.081,6000.0,,-2.418310061897222,300757.SZ
2020-10-26,27.202,27.373,27.666,26.223,6089.0,,0.947779908541091,300757.SZ
2020-10-27,27.723,27.181,28.009,26.988,6795.0,,-0.7014211083914867,300757.SZ
2020-10-28,27.316,27.552,27.866,26.538,9956.0,,1.364924027813541,300757.SZ
2020-10-29,27.381,27.131,27.566,26.852,4577.0,,-1.5280197444831556,300757.SZ
2020-10-30,26.845,26.502,27.509,26.416,6250.0,,-2.3183811875714166,300757.SZ
2020-11-02,26.588,26.423,26.973,25.773,6893.0,,-0.2980907101350905,300757.SZ
2020-11-03,26.438,26.973,27.066,26.131,4755.0,,2.0815198879763797,300757.SZ
2020-11-04,27.166,27.023,27.695,26.523,5190.0,,0.18537055574092687,300757.SZ
2020-11-05,27.373,28.452,28.673,27.009,8670.0,,5.288087925100848,300757.SZ
2020-11-06,28.681,27.916,28.681,27.659,5614.0,,-1.8838745958104974,300757.SZ
2020-11-09,28.152,28.931,29.123,28.073,8795.0,,3.635907723169507,300757.SZ
2020-11-10,28.916,29.595,30.323,28.766,10698.0,,2.295115965573258,300757.SZ
2020-11-11,29.345,29.659,30.416,29.131,7720.0,,0.21625274539618378,300757.SZ
2020-11-12,29.652,29.859,30.402,28.709,7438.0,,0.6743315688324092,300757.SZ
2020-11-13,29.559,30.481,30.631,28.702,9046.0,,2.0831240162095144,300757.SZ
2020-11-16,30.481,30.945,32.166,30.481,14175.0,,1.5222597683802963,300757.SZ
2020-11-17,30.952,29.902,30.952,29.595,6937.0,,-3.370496041363702,300757.SZ
2020-11-18,29.945,30.131,30.916,29.616,4855.0,,0.7658350611999154,300757.SZ
2020-11-19,30.595,29.666,30.759,29.216,5654.0,,-1.5432610932262447,300757.SZ
2020-11-20,29.352,29.916,30.273,29.202,5885.0,,0.8427155666419495,300757.SZ
2020-11-23,30.081,30.559,31.823,29.995,12157.0,,2.149351517582576,300757.SZ
2020-11-24,30.402,31.352,31.759,30.331,13792.0,,2.5949802022317447,300757.SZ
2020-11-25,31.352,31.431,31.981,31.131,8459.0,,0.2519775452921591,300757.SZ
2020-11-26,31.138,30.152,31.138,29.409,11442.0,,-4.069231013967101,300757.SZ
2020-11-27,29.959,28.916,30.452,28.488,11077.0,,-4.099230565136647,300757.SZ
2020-11-30,28.988,28.223,28.988,27.231,6031.0,,-2.3965970397012093,300757.SZ
2020-12-01,28.373,28.352,29.059,27.945,8824.0,,0.45707401764518707,300757.SZ
2020-12-02,28.981,28.773,29.338,28.131,5963.0,,1.4849040632054056,300757.SZ
2020-12-03,28.395,28.266,28.981,28.223,4203.0,,-1.762068605984779,300757.SZ
2020-12-04,28.273,28.259,28.502,27.838,2897.0,,-0.024764735017324124,300757.SZ
2020-12-07,27.916,28.816,29.059,27.916,10644.0,,1.9710534696910642,300757.SZ
2020-12-08,28.745,27.988,29.116,27.795,7714.0,,-2.873403664630758,300757.SZ
2020-12-09,27.938,27.359,27.938,26.973,5663.0,,-2.2473917393168397,300757.SZ
2020-12-10,27.559,28.202,28.209,26.988,4261.0,,3.0812529697722857,300757.SZ
2020-12-11,28.181,27.616,28.181,26.881,4525.0,,-2.0778668179561754,300757.SZ
2020-12-14,27.838,28.181,28.902,27.366,11606.0,,2.0459154113557476,300757.SZ
2020-12-15,28.109,27.731,28.366,27.416,3346.0,,-1.5968205528547608,300757.SZ
2020-12-16,27.488,27.302,27.852,27.131,3148.0,,-1.5470051566838672,300757.SZ
2020-12-17,26.916,27.552,27.552,26.559,3548.0,,0.9156838326862538,300757.SZ
2020-12-18,27.938,27.666,28.181,27.345,3702.0,,0.4137630662020886,300757.SZ
2020-12-21,27.245,27.666,28.273,26.902,6456.0,,0.0,300757.SZ
2020-12-22,27.666,27.409,27.666,26.688,6214.0,,-0.9289380466999231,300757.SZ
2020-12-23,26.988,27.923,28.631,26.852,7129.0,,1.8752964354773916,300757.SZ
2020-12-24,27.631,27.238,27.909,26.909,4842.0,,-2.453174802134439,300757.SZ
2020-12-25,26.902,26.952,27.416,26.773,3473.0,,-1.050003671341504,300757.SZ
2020-12-28,26.845,25.873,27.202,25.331,5319.0,,-4.003413475808848,300757.SZ
2020-12-29,25.852,25.416,26.488,25.416,3366.0,,-1.766320102036878,300757.SZ
2020-12-30,25.423,26.131,26.131,24.995,4841.0,,2.813188542650291,300757.SZ
2020-12-31,26.145,26.573,26.795,25.838,5058.0,,1.6914775553939831,300757.SZ
2021-01-04,26.673,27.631,27.831,26.188,7758.0,,3.981484965942883,300757.SZ
2021-01-05,28.081,27.945,28.188,27.131,4920.0,,1.136404762766463,300757.SZ
2021-01-06,27.988,27.916,27.988,26.931,5116.0,,-0.10377527285739818,300757.SZ
2021-01-07,27.902,27.416,27.902,26.938,4448.0,,-1.7910875483593602,300757.SZ
2021-01-08,27.395,26.709,27.395,26.131,4563.0,,-2.578786110300557,300757.SZ
2021-01-11,26.366,26.166,26.366,25.495,4889.0,,-2.033022576659549,300757.SZ
2021-01-12,25.902,25.952,26.438,25.266,11153.0,,-0.8178552319804244,300757.SZ
2021-01-13,25.981,25.452,25.981,25.131,4118.0,,-1.9266337854500604,300757.SZ
2021-01-14,25.416,24.845,25.416,24.616,4010.0,,-2.384881345277401,300757.SZ
2021-01-15,24.845,24.509,24.902,23.802,7579.0,,-1.3523847856711568,300757.SZ
2021-01-18,25.373,27.095,27.559,24.416,8554.0,,10.551226080215415,300757.SZ
2021-01-19,26.681,27.102,27.902,26.681,7228.0,,0.02583502491235734,300757.SZ
2021-01-20,26.831,26.631,27.559,26.338,4565.0,,-1.7378791233119362,300757.SZ
2021-01-21,26.273,26.181,26.631,25.673,3524.0,,-1.68976005407232,300757.SZ
2021-01-22,25.866,25.631,26.423,25.473,3056.0,,-2.1007600931973625,300757.SZ
2021-01-25,25.416,26.338,26.838,25.416,4943.0,,2.7583785260036686,300757.SZ
2021-01-26,25.838,26.359,26.781,25.809,3816.0,,0.07973270559646917,300757.SZ
2021-01-27,26.081,26.595,26.773,25.866,6711.0,,0.8953298683561428,300757.SZ
2021-01-28,26.845,27.373,27.716,26.173,12739.0,,2.925361910133484,300757.SZ
2021-01-29,27.416,27.845,28.095,26.995,11406.0,,1.72432689146238,300757.SZ
2021-02-01,27.702,27.845,27.845,26.131,13101.0,,0.0,300757.SZ
2021-02-02,27.545,27.695,28.195,27.316,8635.0,,-0.5386963548213219,300757.SZ
2021-02-03,26.902,26.838,27.981,26.566,5508.0,,-3.0944213756995853,300757.SZ
2021-02-04,26.973,27.402,27.616,25.373,19839.0,,2.1014978761457526,300757.SZ
2021-02-05,27.616,26.973,27.845,26.495,5479.0,,-1.5655791548062292,300757.SZ
2021-02-08,26.909,25.345,26.923,24.702,10268.0,,-6.035665294924552,300757.SZ
2021-02-09,25.309,22.416,25.309,21.488,26038.0,,-11.5565200236733,300757.SZ
2021-02-10,22.423,22.466,23.273,22.416,9109.0,,0.22305496074233044,300757.SZ
2021-02-18,22.916,22.752,23.181,22.423,5504.0,,1.2730348081545273,300757.SZ
2021-02-19,23.059,23.273,23.902,22.038,4064.0,,2.2899085794655383,300757.SZ
2021-02-22,23.502,23.002,23.509,22.773,4415.0,,-1.1644394792248547,300757.SZ
2021-02-23,23.066,23.331,23.402,22.559,3267.0,,1.4303104077906248,300757.SZ
2021-02-24,23.331,23.081,23.766,22.881,3777.0,,-1.0715357250010715,300757.SZ
2021-02-25,23.081,22.595,23.081,22.495,2911.0,,-2.1056280057189958,300757.SZ
2021-02-26,22.631,22.209,22.702,21.845,3493.0,,-1.708342553662312,300757.SZ
2021-03-01,22.345,22.916,23.116,22.259,3999.0,,3.183394119501104,300757.SZ
2021-03-02,22.888,22.373,23.088,22.081,3083.0,,-2.369523477046598,300757.SZ
2021-03-03,22.445,22.259,22.531,21.888,3083.0,,-0.5095427524247964,300757.SZ
2021-03-04,22.202,21.873,22.273,21.773,2778.0,,-1.7341300148254635,300757.SZ
2021-03-05,21.738,21.809,22.009,21.373,2998.0,,-0.29259818040506813,300757.SZ
2021-03-08,21.816,22.488,22.681,21.816,6817.0,,3.1133935531202583,300757.SZ
2021-03-09,22.488,22.773,23.166,21.145,5611.0,,1.2673425827107732,300757.SZ
2021-03-10,22.923,22.209,23.131,21.888,4289.0,,-2.4766170465024384,300757.SZ
2021-03-11,22.123,22.059,22.288,21.745,3349.0,,-0.6754018641091375,300757.SZ
2021-03-12,22.059,22.152,22.688,21.845,2984.0,,0.4215966272269833,300757.SZ
2021-03-15,22.131,22.702,22.881,21.931,4259.0,,2.4828457927049463,300757.SZ
2021-03-16,22.473,22.916,23.023,22.473,2999.0,,0.9426482248259926,300757.SZ
2021-03-17,22.902,22.688,23.038,22.488,1982.0,,-0.9949380345610104,300757.SZ
2021-03-18,22.666,22.502,22.716,22.345,2592.0,,-0.8198166431593767,300757.SZ
2021-03-19,22.373,23.352,24.559,22.245,6512.0,,3.777442005155107,300757.SZ
2021-03-22,23.273,25.038,25.366,23.273,10362.0,,7.219938335046239,300757.SZ
2021-03-23,25.016,24.766,25.116,24.388,2735.0,,-1.0863487499001567,300757.SZ
2021-03-24,24.516,23.981,25.331,23.973,2707.0,,-3.1696680933537724,300757.SZ
2021-03-25,23.738,23.631,24.802,23.581,1597.0,,-1.4594887619365338,300757.SZ
2021-03-26,23.688,24.559,24.859,23.652,2720.0,,3.9270449832846666,300757.SZ
2021-03-29,24.695,25.509,26.123,24.081,8609.0,,3.8682356773484194,300757.SZ
2021-03-30,25.545,25.488,25.695,24.923,5115.0,,-0.08232388568740756,300757.SZ
2021-03-31,25.309,25.538,25.938,25.202,3715.0,,0.19617074701820947,300757.SZ
2021-04-01,25.773,25.716,25.981,25.416,4048.0,,0.6970005482026753,300757.SZ
2021-04-02,25.709,24.909,26.116,24.745,4897.0,,-3.138124125058339,300757.SZ
2021-04-06,25.273,25.681,26.102,24.816,4205.0,,3.099281384238628,300757.SZ
2021-04-07,25.952,25.566,25.995,25.481,2654.0,,-0.44780187687396555,300757.SZ
2021-04-08,25.366,25.188,25.652,25.109,1529.0,,-1.4785261675662964,300757.SZ
2021-04-09,24.966,24.973,25.288,24.723,1206.0,,-0.8535810703509616,300757.SZ
2021-04-12,25.081,24.888,25.281,24.716,2310.0,,-0.3403675970047537,300757.SZ
2021-04-13,24.888,25.331,26.331,24.881,5033.0,,1.7799742847958822,300757.SZ
2021-04-14,25.045,25.145,25.416,24.888,1710.0,,-0.7342781571986867,300757.SZ
2021-04-15,25.352,25.202,25.659,24.723,1401.0,,0.22668522569100347,300757.SZ
2021-04-16,25.595,26.266,26.488,24.881,4172.0,,4.2218871518133305,300757.SZ
2021-04-19,26.309,26.259,26.509,25.852,4589.0,,-0.026650422599550083,300757.SZ
2021-04-20,26.131,26.373,26.616,26.066,3304.0,,0.43413686735975787,300757.SZ
2021-04-21,26.131,26.331,26.431,26.131,1717.0,,-0.15925378227733544,300757.SZ
2021-04-22,26.623,26.402,26.723,25.773,3163.0,,0.2696441456838006,300757.SZ
2021-04-23,26.623,26.373,26.623,25.995,3892.0,,-0.10984016362396432,300757.SZ
2021-04-26,26.081,27.081,27.823,26.081,5621.0,,2.684563758389258,300757.SZ
2021-04-27,27.573,27.916,28.281,26.895,5046.0,,3.0833425648979063,300757.SZ
2021-04-28,27.916,26.852,28.252,26.538,5162.0,,-3.8114343029087228,300757.SZ
2021-04-29,26.816,26.745,27.059,26.523,2878.0,,-0.3984805601072505,300757.SZ
2021-04-30,27.059,26.352,27.623,26.273,4411.0,,-1.4694335389792479,300757.SZ
2021-05-06,26.416,26.509,27.559,25.973,3328.0,,0.5957802064359363,300757.SZ
2021-05-07,27.031,26.916,27.559,26.645,4277.0,,1.5353276245803293,300757.SZ
2021-05-10,26.852,25.988,26.852,25.866,4226.0,,-3.4477634120968936,300757.SZ
2021-05-11,26.131,26.673,26.702,25.473,3869.0,,2.6358319224257354,300757.SZ
2021-05-12,26.673,27.338,28.016,26.609,8499.0,,2.4931578750047034,300757.SZ
2021-05-13,27.559,27.045,27.566,26.866,2768.0,,-1.071768234691639,300757.SZ
2021-05-14,27.345,26.945,27.345,26.559,2695.0,,-0.3697541135145199,300757.SZ
2021-05-17,27.209,26.095,27.209,26.088,4428.0,,-3.154574132492116,300757.SZ
2021-05-18,26.102,25.309,26.345,25.116,5817.0,,-3.012071278022599,300757.SZ
2021-05-19,25.345,25.309,25.731,25.123,2279.0,,0.0,300757.SZ
2021-05-20,25.638,25.381,25.831,25.131,4316.0,,0.28448378047334355,300757.SZ
2021-05-21,25.395,25.552,26.095,25.359,3138.0,,0.6737323194515588,300757.SZ
2021-05-24,25.231,24.895,25.509,24.488,3744.0,,-2.571227301189727,300757.SZ
2021-05-25,24.988,24.902,24.988,24.416,3815.0,,0.02811809600322679,300757.SZ
2021-05-26,24.873,24.895,25.345,24.809,3100.0,,-0.028110191952457342,300757.SZ
2021-05-27,25.095,24.909,25.573,24.616,3999.0,,0.056236192006431374,300757.SZ
2021-05-28,24.895,24.666,25.145,24.202,5518.0,,-0.975551005660602,300757.SZ
2021-05-31,24.773,24.923,24.981,24.345,3671.0,,1.041920051893297,300757.SZ
2021-06-01,24.923,26.466,27.202,24.923,10575.0,,6.191068490952145,300757.SZ
2021-06-02,26.073,27.095,27.345,26.073,9897.0,,2.3766341721453754,300757.SZ
2021-06-03,26.652,26.659,27.359,26.309,4858.0,,-1.6091529802546578,300757.SZ
2021-06-04,26.631,26.745,26.852,26.152,3065.0,,0.3225927454143074,300757.SZ
2021-06-07,26.759,26.388,27.259,25.945,3452.0,,-1.3348289399887858,300757.SZ
2021-06-08,26.288,25.888,26.488,25.702,3249.0,,-1.8948006669698314,300757.SZ
2021-06-09,25.888,25.816,26.416,25.509,1975.0,,-0.27812113720643294,300757.SZ
2021-06-10,26.123,25.766,26.123,25.338,2928.0,,-0.1936783390145691,300757.SZ
2021-06-11,25.766,26.259,26.388,24.773,3467.0,,1.9133742140805765,300757.SZ
2021-06-15,26.131,25.766,26.452,25.688,2728.0,,-1.8774515404242464,300757.SZ
2021-06-16,26.352,25.023,26.352,24.902,3072.0,,-2.8836451137157493,300757.SZ
2021-06-17,25.009,24.916,25.288,24.738,2179.0,,-0.4276066019262226,300757.SZ
2021-06-18,26.345,25.316,26.452,24.916,5175.0,,1.6053941242575087,300757.SZ
2021-06-21,25.023,25.616,25.973,24.781,3847.0,,1.1850213303839396,300757.SZ
2021-06-22,25.988,25.245,26.066,25.216,3584.0,,-1.448313554028724,300757.SZ
2021-06-23,25.359,25.516,25.816,25.123,4797.0,,1.0734798970092996,300757.SZ
2021-06-24,25.631,26.081,26.131,24.988,9601.0,,2.2142969117416644,300757.SZ
2021-06-25,26.088,25.459,26.552,25.302,7786.0,,-2.3848778804493653,300757.SZ
2021-06-28,25.188,24.995,25.573,24.831,6306.0,,-1.8225381986723743,300757.SZ
2021-06-29,24.945,24.266,25.109,24.131,8256.0,,-2.916583316663346,300757.SZ
2021-06-30,24.702,25.273,25.416,24.388,5286.0,,4.14983928129895,300757.SZ
2021-07-01,25.402,25.245,25.902,25.102,6787.0,,-0.1107901713290782,300757.SZ
2021-07-02,25.152,24.923,25.631,24.702,3448.0,,-1.275500099029525,300757.SZ
2021-07-05,25.345,25.916,26.045,24.916,7047.0,,3.9842715563936926,300757.SZ
2021-07-06,25.916,26.045,26.631,25.416,5625.0,,0.497762000308688,300757.SZ
2021-07-07,26.045,26.238,26.381,25.645,3991.0,,0.7410251487809383,300757.SZ
2021-07-08,26.209,27.038,27.095,25.988,10428.0,,3.049012882079438,300757.SZ
2021-07-09,27.066,27.702,27.916,26.673,13879.0,,2.455802944004737,300757.SZ
2021-07-12,27.595,28.088,28.773,27.259,12070.0,,1.393401198469424,300757.SZ
2021-07-13,27.773,27.988,28.573,27.773,8899.0,,-0.3560239248077468,300757.SZ
2021-07-14,27.966,28.102,28.466,27.852,8707.0,,0.40731742175217356,300757.SZ
2021-07-15,27.973,27.531,28.473,27.338,9287.0,,-2.0318838516831583,300757.SZ
2021-07-16,27.373,26.845,27.838,26.588,8680.0,,-2.491736587846427,300757.SZ
2021-07-19,26.831,27.095,27.488,26.709,6744.0,,0.9312721177128003,300757.SZ
2021-07-20,26.752,27.652,28.059,26.573,6350.0,,2.0557298394537904,300757.SZ
2021-07-21,28.245,33.245,33.245,28.245,50507.0,,20.226385071604213,300757.SZ
2021-07-22,33.416,32.416,33.666,31.366,46213.0,,-2.4936080613626177,300757.SZ
2021-07-23,32.166,32.473,33.609,31.631,31554.0,,0.1758390918065178,300757.SZ
2021-07-26,32.123,31.845,33.552,31.138,24972.0,,-1.9339143288270244,300757.SZ
2021-07-27,31.845,30.273,32.466,30.066,19545.0,,-4.936410739519548,300757.SZ
2021-07-28,30.281,28.631,30.723,28.109,17288.0,,-5.423975159382943,300757.SZ
2021-07-29,29.452,30.566,31.345,28.988,22580.0,,6.758408717823339,300757.SZ
2021-07-30,31.131,32.866,33.245,30.066,28141.0,,7.5247006477785705,300757.SZ
2021-08-02,32.481,34.866,36.116,32.459,29314.0,,6.085316132173069,300757.SZ
2021-08-03,35.402,34.238,36.131,34.045,21488.0,,-1.8011816669534775,300757.SZ
2021-08-04,34.152,34.631,35.016,33.731,17600.0,,1.147847420994208,300757.SZ
2021-08-05,35.031,38.545,40.688,33.823,49500.0,,11.302012647627846,300757.SZ
2021-08-06,38.202,37.916,38.988,36.631,29056.0,,-1.6318588662602274,300757.SZ
2021-08-09,37.666,37.438,38.481,36.895,21113.0,,-1.260681506488015,300757.SZ
2021-08-10,37.273,37.202,38.845,36.666,19638.0,,-0.6303755542497069,300757.SZ
2021-08-11,36.852,36.202,37.473,35.416,24467.0,,-2.6880275254018593,300757.SZ
2021-08-12,36.266,37.302,38.581,36.266,22034.0,,3.038506159880683,300757.SZ
2021-08-13,37.495,35.631,37.495,35.309,18020.0,,-4.479652565546077,300757.SZ
2021-08-16,35.266,34.866,36.559,34.559,13884.0,,-2.147006819904018,300757.SZ
2021-08-17,35.273,33.102,35.273,32.945,14489.0,,-5.0593701600413095,300757.SZ
2021-08-18,33.059,33.331,34.416,32.559,11913.0,,0.6918010996314505,300757.SZ
2021-08-19,33.331,33.659,34.702,32.995,12504.0,,0.9840688848219203,300757.SZ
2021-08-20,33.423,34.938,36.309,32.623,22113.0,,3.7998752191093166,300757.SZ
2021-08-23,36.716,40.295,41.731,36.566,51205.0,,15.332875379243237,300757.SZ
2021-08-24,39.238,38.045,40.345,37.845,36475.0,,-5.583819332423379,300757.SZ
2021-08-25,38.338,38.859,39.345,36.966,34498.0,,2.139571559994735,300757.SZ
2021-08-26,37.781,36.838,38.273,35.331,35521.0,,-5.2008543709308075,300757.SZ
2021-08-27,36.838,36.381,37.273,35.059,23799.0,,-1.2405668060155306,300757.SZ
2021-08-30,36.338,38.123,39.702,36.131,40765.0,,4.788213627992621,300757.SZ
2021-08-31,37.795,35.638,39.145,35.559,33027.0,,-6.518374734412291,300757.SZ
2021-09-01,35.331,33.931,38.509,33.631,28856.0,,-4.789831079185147,300757.SZ
2021-09-02,33.273,34.273,34.538,32.566,24499.0,,1.0079278535852332,300757.SZ
2021-09-03,33.631,33.645,36.095,33.359,21603.0,,-1.8323461617016257,300757.SZ
2021-09-06,33.645,33.131,34.331,31.938,18232.0,,-1.5277158567394977,300757.SZ
2021-09-07,32.966,33.359,33.631,32.209,17867.0,,0.6881772358214411,300757.SZ
2021-09-08,33.631,31.873,33.631,31.845,16640.0,,-4.454569981114542,300757.SZ
2021-09-09,31.909,30.902,31.909,30.866,15001.0,,-3.0464656605904694,300757.SZ
2021-09-10,31.202,30.238,31.331,30.145,12687.0,,-2.148728237654529,300757.SZ
2021-09-13,30.273,29.502,30.359,29.423,12246.0,,-2.4340234142469774,300757.SZ
2021-09-14,29.059,29.052,29.959,28.909,15037.0,,-1.5253203172666208,300757.SZ
2021-09-15,29.066,29.438,29.966,28.845,16370.0,,1.3286520721464967,300757.SZ
2021-09-16,29.688,28.266,29.931,28.209,15004.0,,-3.9812487261362883,300757.SZ
2021-09-17,28.131,28.066,28.338,27.202,15656.0,,-0.7075638576381493,300757.SZ
2021-09-22,27.781,28.881,29.466,27.259,13334.0,,2.903869450580787,300757.SZ
2021-09-23,28.716,29.338,29.623,28.245,14161.0,,1.5823551816072978,300757.SZ
2021-09-24,29.595,30.016,30.173,28.795,18720.0,,2.3109959779126,300757.SZ
2021-09-27,30.173,28.916,31.016,28.273,16733.0,,-3.6647121535181126,300757.SZ
2021-09-28,29.331,28.402,29.345,28.202,9142.0,,-1.777562595103055,300757.SZ
2021-09-29,28.123,27.631,28.916,27.631,8236.0,,-2.714597563551868,300757.SZ
2021-09-30,27.709,29.123,29.766,27.702,8852.0,,5.399732184864825,300757.SZ
2021-10-08,29.581,31.223,31.516,29.573,20823.0,,7.21079559111355,300757.SZ
2021-10-11,30.823,31.023,32.131,30.652,8963.0,,-0.6405534381705769,300757.SZ
2021-10-12,31.845,30.309,31.845,29.488,9734.0,,-2.30151822841117,300757.SZ
2021-10-13,29.966,31.745,32.395,28.631,20019.0,,4.7378666402718705,300757.SZ
2021-10-14,31.423,31.773,33.131,31.423,18891.0,,0.08820286659316778,300757.SZ
2021-10-15,31.252,30.531,31.845,30.338,12320.0,,-3.9089793220659086,300757.SZ
2021-10-18,30.602,30.573,31.488,30.338,7722.0,,0.13756509776947645,300757.SZ
2021-10-19,30.573,29.952,31.038,29.681,10104.0,,-2.0312040035325274,300757.SZ
2021-10-20,29.938,31.059,31.359,29.416,10411.0,,3.695913461538458,300757.SZ
2021-10-21,30.831,29.888,31.088,29.773,8723.0,,-3.7702437296757707,300757.SZ
2021-10-22,29.802,29.345,30.416,28.988,5093.0,,-1.816782655246263,300757.SZ
2021-10-25,29.538,30.488,30.688,28.995,8524.0,,3.895041744760608,300757.SZ
2021-10-26,30.202,31.109,31.823,30.059,11300.0,,2.0368669640514314,300757.SZ
2021-10-27,30.988,31.159,32.473,30.295,11464.0,,0.16072519206660196,300757.SZ
2021-10-28,30.631,29.031,31.416,28.788,10904.0,,-6.82948746750538,300757.SZ
2021-10-29,28.859,29.523,29.745,28.366,8073.0,,1.6947401054045796,300757.SZ
2021-11-01,29.523,31.081,31.673,28.559,17663.0,,5.2772414727500605,300757.SZ
2021-11-02,30.981,31.045,31.738,30.345,11549.0,,-0.1158263891123168,300757.SZ
2021-11-03,31.045,30.659,31.631,30.531,9990.0,,-1.243356418102759,300757.SZ
2021-11-04,30.723,31.202,31.523,30.723,8563.0,,1.771094947649976,300757.SZ
2021-11-05,30.988,30.373,31.116,30.309,10438.0,,-2.65688096916864,300757.SZ
2021-11-08,30.331,32.338,33.066,30.202,21433.0,,6.469561781845723,300757.SZ
2021-11-09,32.273,33.259,33.609,32.273,21589.0,,2.848042550559704,300757.SZ
2021-11-10,33.552,33.516,33.923,32.788,18200.0,,0.7727231726750494,300757.SZ
2021-11-11,33.595,33.816,34.588,33.181,15223.0,,0.8950948800573011,300757.SZ
2021-11-12,33.902,38.116,38.723,33.702,45166.0,,12.715874142417771,300757.SZ
2021-11-15,38.059,36.559,38.966,36.102,40255.0,,-4.084898730192055,300757.SZ
2021-11-16,36.152,39.073,42.659,35.902,51804.0,,6.876555704477694,300757.SZ
2021-11-17,39.152,40.788,41.766,37.559,51752.0,,4.389220177616249,300757.SZ
2021-11-18,40.988,40.116,41.916,39.773,36310.0,,-1.6475433951162022,300757.SZ
2021-11-19,40.238,41.681,42.309,40.102,29543.0,,3.901186558978953,300757.SZ
2021-11-22,41.552,42.823,43.966,41.166,33403.0,,2.7398574890237892,300757.SZ
2021-11-23,41.831,43.273,45.638,41.773,40753.0,,1.0508371669430083,300757.SZ
2021-11-24,43.273,43.788,44.452,42.645,37138.0,,1.1901185496729916,300757.SZ
2021-11-25,42.566,44.402,46.345,41.773,49292.0,,1.4022106513200017,300757.SZ
2021-11-26,44.031,43.488,44.952,42.988,29168.0,,-2.058465834872303,300757.SZ
2021-11-29,43.602,43.673,45.238,42.559,33936.0,,0.4254047093451119,300757.SZ
2021-11-30,43.788,43.202,44.481,43.002,26200.0,,-1.0784695349529527,300757.SZ
2021-12-01,43.631,42.081,44.159,41.702,31684.0,,-2.594787278366728,300757.SZ
2021-12-02,42.081,40.673,42.402,39.845,37457.0,,-3.345928091062478,300757.SZ
2021-12-03,41.031,42.488,43.531,40.473,25449.0,,4.462419787082328,300757.SZ
2021-12-06,43.988,43.023,45.102,41.288,39057.0,,1.25917906232349,300757.SZ
2021-12-07,43.623,42.945,43.623,41.845,26534.0,,-0.1812983752876418,300757.SZ
2021-12-08,43.131,42.423,43.759,42.152,18710.0,,-1.2155082081732438,300757.SZ
2021-12-09,42.723,45.266,46.116,41.988,44901.0,,6.701553402635363,300757.SZ
2021-12-10,44.831,48.245,49.616,44.831,41927.0,,6.5810983961472225,300757.SZ
2021-12-13,48.516,49.423,50.923,47.473,30455.0,,2.4417038035029703,300757.SZ
2021-12-14,49.416,48.995,51.481,48.631,26527.0,,-0.8659935657487461,300757.SZ
2021-12-15,49.016,47.202,49.616,47.059,21320.0,,-3.6595570976630243,300757.SZ
2021-12-16,47.295,48.131,49.631,46.888,20548.0,,1.968136943349852,300757.SZ
2021-12-17,47.731,46.523,48.538,46.131,15617.0,,-3.340882175728732,300757.SZ
2021-12-20,46.859,44.566,46.981,44.123,17936.0,,-4.206521505491912,300757.SZ
2021-12-21,45.016,43.981,46.131,43.381,11291.0,,-1.3126598752412177,300757.SZ
2021-12-22,44.281,43.302,44.695,42.559,14186.0,,-1.543848480025467,300757.SZ
2021-12-23,43.281,43.166,44.116,42.502,13258.0,,-0.3140732529675394,300757.SZ
2021-12-24,44.095,43.045,45.888,42.923,25802.0,,-0.2803132094704064,300757.SZ
2021-12-27,42.881,43.445,45.309,41.323,22467.0,,0.9292600766639625,300757.SZ
2021-12-28,43.595,45.395,45.773,43.595,17780.0,,4.488433651743584,300757.SZ
2021-12-29,44.938,45.338,46.588,44.352,15653.0,,-0.12556448948122245,300757.SZ
2021-12-30,45.423,44.488,46.273,44.131,13213.0,,-1.8748070051612387,300757.SZ
2021-12-31,44.538,43.988,45.688,43.988,13724.0,,-1.1238985793921907,300757.SZ
2022-01-04,43.959,42.723,44.581,42.052,17520.0,,-2.8757843048104026,300757.SZ
2022-01-05,42.602,41.209,43.795,40.266,26072.0,,-3.543758631182259,300757.SZ
2022-01-06,41.116,43.766,44.345,40.495,26275.0,,6.204955228226838,300757.SZ
2022-01-07,44.616,44.702,46.102,43.438,29529.0,,2.1386464378741588,300757.SZ
2022-01-10,44.631,45.002,45.631,42.773,19906.0,,0.6711109122634396,300757.SZ
2022-01-11,45.181,44.466,45.181,43.702,14385.0,,-1.1910581751922167,300757.SZ
2022-01-12,44.602,47.023,47.952,43.988,21847.0,,5.750461026402198,300757.SZ
2022-01-13,49.031,46.345,49.252,45.138,16838.0,,-1.441847606490454,300757.SZ
2022-01-14,45.959,47.616,48.245,45.416,16057.0,,2.7424749163879714,300757.SZ
2022-01-17,47.131,47.666,49.359,46.223,15034.0,,0.10500672043010084,300757.SZ
2022-01-18,47.459,47.173,48.631,46.852,12242.0,,-1.0342801997230588,300757.SZ
2022-01-19,46.888,46.788,48.359,46.216,10943.0,,-0.8161448286095996,300757.SZ
2022-02-10,44.702,39.938,44.702,38.281,59044.0,,-14.640506112678453,300757.SZ
2022-02-11,38.281,36.131,38.831,35.902,50211.0,,-9.53227502629076,300757.SZ
2022-02-14,35.202,35.473,36.488,34.638,36555.0,,-1.8211508123218367,300757.SZ
2022-02-15,34.888,36.845,37.845,34.888,25281.0,,3.8677303864911305,300757.SZ
2022-02-16,36.831,36.131,36.831,35.609,19891.0,,-1.9378477405346706,300757.SZ
2022-02-17,35.702,37.202,37.873,35.631,19127.0,,2.9642135562259586,300757.SZ
2022-02-18,36.981,36.581,38.188,36.366,11453.0,,-1.6692650932745412,300757.SZ
2022-02-21,37.059,36.388,37.559,36.145,8290.0,,-0.5275962931576617,300757.SZ
2022-02-22,35.952,35.631,36.073,34.781,11908.0,,-2.080356161371877,300757.SZ
2022-02-23,35.631,37.602,37.738,35.338,13724.0,,5.531699924223288,300757.SZ
2022-02-24,37.288,36.866,38.023,35.773,17356.0,,-1.9573426945375116,300757.SZ
2022-02-25,37.345,38.588,39.195,36.566,12955.0,,4.670970541962793,300757.SZ
2022-02-28,38.666,37.259,38.666,36.945,17450.0,,-3.4440758785114545,300757.SZ
2022-03-01,37.873,37.709,38.259,36.631,12014.0,,1.2077618830349746,300757.SZ
2022-03-02,37.616,37.123,37.616,36.545,7983.0,,-1.5540056750378062,300757.SZ
2022-03-03,37.523,35.923,37.523,35.302,13986.0,,-3.2324973735958773,300757.SZ
2022-03-04,35.659,35.995,36.181,34.988,11668.0,,0.2004286947081102,300757.SZ
2022-03-07,35.995,34.381,36.702,33.988,10920.0,,-4.483956105014575,300757.SZ
2022-03-08,34.631,32.616,34.702,32.559,8917.0,,-5.1336493993775605,300757.SZ
2022-03-09,32.781,32.223,33.973,30.881,9006.0,,-1.204930095658574,300757.SZ
2022-03-10,33.052,33.402,33.852,32.359,10556.0,,3.6588771995158753,300757.SZ
2022-03-11,33.273,32.402,33.402,31.973,7304.0,,-2.993832704628463,300757.SZ
2022-03-14,31.973,31.131,32.209,31.123,8998.0,,-3.9225973705326878,300757.SZ
2022-03-15,31.316,29.916,31.845,29.816,11585.0,,-3.902862098872506,300757.SZ
2022-03-16,30.416,30.838,31.809,28.273,20398.0,,3.081962829255258,300757.SZ
2022-03-17,30.845,31.573,32.223,30.738,10015.0,,2.383423049484401,300757.SZ
2022-03-18,31.416,30.445,31.581,30.381,6089.0,,-3.572672853387393,300757.SZ
2022-03-21,30.488,32.223,32.559,30.488,9498.0,,5.840039415339127,300757.SZ
2022-03-22,32.216,31.002,32.216,30.773,5909.0,,-3.7892188809235616,300757.SZ
2022-03-23,31.002,30.716,31.552,30.538,5309.0,,-0.9225211276691736,300757.SZ
2022-03-24,31.023,30.409,31.123,30.095,3455.0,,-0.9994790988410052,300757.SZ
2022-03-25,30.773,29.723,30.773,29.723,4317.0,,-2.255911078956885,300757.SZ
2022-03-28,29.495,29.552,29.859,28.866,4455.0,,-0.5753120479090268,300757.SZ
2022-03-29,29.552,28.845,29.702,28.488,6790.0,,-2.3923930698429907,300757.SZ
2022-03-30,29.116,30.523,30.702,28.988,8133.0,,5.817299358641015,300757.SZ
2022-03-31,30.523,29.181,30.523,28.995,5889.0,,-4.396684467450774,300757.SZ
2022-04-01,28.766,29.166,29.595,28.766,3318.0,,-0.05140331037318813,300757.SZ
2022-04-06,29.123,28.559,29.481,28.402,4550.0,,-2.081190427209767,300757.SZ
2022-04-07,28.559,27.488,28.566,27.473,9145.0,,-3.750131307118598,300757.SZ
2022-04-08,27.559,26.988,27.638,26.759,5525.0,,-1.8189755529685714,300757.SZ
2022-04-11,26.795,25.659,26.988,25.273,8434.0,,-4.924410849266348,300757.SZ
2022-04-12,25.666,25.659,25.909,24.945,5911.0,,0.0,300757.SZ
2022-04-13,25.552,24.873,25.559,24.788,4763.0,,-3.063252659885407,300757.SZ
2022-04-14,24.966,24.823,25.645,24.688,8894.0,,-0.2010211876331769,300757.SZ
2022-04-15,25.109,24.138,25.109,23.988,5455.0,,-2.759537525681821,300757.SZ
2022-04-18,24.016,25.059,25.273,23.281,8203.0,,3.815560526969919,300757.SZ
2022-04-19,25.438,25.759,27.888,25.195,12864.0,,2.7934075581627305,300757.SZ
2022-04-20,25.502,24.988,25.959,24.902,9511.0,,-2.9931286152412806,300757.SZ
2022-04-21,24.838,23.316,25.209,23.288,11377.0,,-6.691211781655193,300757.SZ
2022-04-22,22.973,23.166,23.616,22.552,6596.0,,-0.6433350488934564,300757.SZ
2022-04-25,20.181,21.059,22.531,20.181,10716.0,,-9.095225761892422,300757.SZ
2022-04-26,20.488,20.673,22.202,20.488,8067.0,,-1.8329455339759826,300757.SZ
2022-04-27,20.066,21.881,21.881,20.059,6810.0,,5.8433705799835645,300757.SZ
2022-04-28,22.266,21.395,22.266,20.888,6723.0,,-2.221105068324125,300757.SZ
2022-04-29,21.416,21.895,22.238,20.759,7452.0,,2.3369946249123696,300757.SZ
2022-05-05,22.488,22.431,22.981,21.031,6788.0,,2.448047499429107,300757.SZ
2022-05-06,21.973,22.988,23.102,21.959,6391.0,,2.483170612099328,300757.SZ
2022-05-09,22.988,23.209,23.995,22.709,5777.0,,0.9613711501653022,300757.SZ
2022-05-10,22.995,23.838,23.988,22.645,5654.0,,2.7101555431082724,300757.SZ
2022-05-11,23.623,23.909,24.959,23.623,6927.0,,0.29784377884050084,300757.SZ
2022-05-12,23.859,23.866,24.495,23.623,4781.0,,-0.1798485925802007,300757.SZ
2022-05-13,23.866,23.859,24.345,22.866,6862.0,,-0.029330428224239036,300757.SZ
2022-05-16,24.188,23.795,25.388,23.059,9525.0,,-0.2682425918940412,300757.SZ
2022-05-17,24.281,24.159,24.281,23.473,4368.0,,1.5297331372136957,300757.SZ
2022-05-18,24.159,24.659,24.945,23.702,16379.0,,2.069622087006917,300757.SZ
2022-05-19,24.038,24.702,25.173,23.916,14622.0,,0.17437852305446366,300757.SZ
2022-05-20,24.845,24.816,25.038,24.323,9200.0,,0.4615010930288932,300757.SZ
2022-05-23,25.116,25.088,25.245,24.409,6651.0,,1.0960670535138606,300757.SZ
2022-05-24,25.095,23.766,25.752,23.631,8243.0,,-5.2694515306122565,300757.SZ
2022-05-25,23.766,23.788,24.416,23.559,5856.0,,0.0925692165278269,300757.SZ
2022-05-26,23.909,23.702,24.131,23.073,7131.0,,-0.36152682024549465,300757.SZ
2022-05-27,23.995,23.545,24.381,23.295,5920.0,,-0.6623913593789554,300757.SZ
2022-05-30,23.388,23.831,23.981,22.959,7043.0,,1.2146952643873332,300757.SZ
2022-05-31,23.823,24.223,24.438,23.209,7587.0,,1.644916285510467,300757.SZ
2022-06-01,24.223,24.966,25.759,24.045,9169.0,,3.067332700326153,300757.SZ
2022-06-02,25.495,25.573,25.681,24.638,6593.0,,2.4313065769446363,300757.SZ
2022-06-06,25.595,27.388,27.659,25.588,17150.0,,7.097329214405823,300757.SZ
2022-06-07,27.452,28.681,29.495,27.416,38771.0,,4.721045713451133,300757.SZ
2022-06-08,28.281,27.702,28.616,26.995,14388.0,,-3.413409574282622,300757.SZ
2022-06-09,27.423,26.559,27.495,26.345,11190.0,,-4.126055880441848,300757.SZ
2022-06-10,26.416,26.559,27.023,26.152,9295.0,,0.0,300757.SZ
2022-06-13,26.281,27.702,27.795,25.909,10376.0,,4.3036258895289725,300757.SZ
2022-06-14,27.323,26.573,27.552,26.066,7960.0,,-4.075518013139845,300757.SZ
2022-06-15,26.581,26.552,26.952,26.145,8030.0,,-0.07902758439017887,300757.SZ
2022-06-16,26.573,27.145,27.273,26.366,7162.0,,2.23335341970472,300757.SZ
2022-06-17,27.395,27.816,28.266,26.852,10061.0,,2.4719101123595433,300757.SZ
2022-06-20,27.916,28.116,29.331,27.916,11814.0,,1.0785159620362306,300757.SZ
2022-06-21,28.059,27.702,28.295,27.295,6306.0,,-1.472471190781044,300757.SZ
2022-06-22,27.645,33.302,33.302,27.645,37815.0,,20.21514692079993,300757.SZ
2022-06-23,34.759,36.202,39.373,33.973,84496.0,,8.708185694552872,300757.SZ
2022-06-24,36.281,36.202,37.238,34.659,50440.0,,0.0,300757.SZ
2022-06-27,35.416,38.516,41.759,34.116,77428.0,,6.391912049058068,300757.SZ
2022-06-28,37.545,38.916,41.038,35.873,66454.0,,1.038529442309688,300757.SZ
2022-06-29,38.252,35.052,38.252,34.309,46161.0,,-9.92907801418439,300757.SZ
2022-06-30,35.059,35.423,35.759,34.395,30017.0,,1.0584274791737958,300757.SZ
2022-07-01,34.616,33.666,35.045,33.281,26268.0,,-4.960054202072117,300757.SZ
2022-07-04,33.023,32.716,33.331,31.273,30629.0,,-2.821838056199122,300757.SZ
2022-07-05,32.781,33.209,34.538,32.273,25801.0,,1.5069079349553816,300757.SZ
2022-07-06,32.838,32.645,33.631,32.216,13858.0,,-1.6983347887620792,300757.SZ
2022-07-07,32.652,33.581,34.131,32.331,19256.0,,2.8672078419359703,300757.SZ
2022-07-08,33.573,33.109,34.559,32.923,21494.0,,-1.4055567136178282,300757.SZ
2022-07-11,32.523,32.988,33.909,32.259,16809.0,,-0.3654595427225238,300757.SZ
2022-07-12,33.516,34.381,35.602,32.738,35147.0,,4.222747665817872,300757.SZ
2022-07-13,34.131,33.916,34.488,31.845,27192.0,,-1.3524912015357438,300757.SZ
2022-07-14,33.409,35.373,35.373,33.409,25807.0,,4.295907536266075,300757.SZ
2022-07-15,34.723,35.702,37.081,34.723,29345.0,,0.9300879201650902,300757.SZ
2022-07-18,35.702,35.523,35.973,34.145,19158.0,,-0.5013724721304014,300757.SZ
2022-07-19,35.523,34.609,35.866,34.188,14783.0,,-2.5729808856233993,300757.SZ
2022-07-20,34.609,36.202,36.416,33.309,31834.0,,4.602848969921114,300757.SZ
2022-07-21,35.952,40.416,40.773,35.452,57367.0,,11.640240870670127,300757.SZ
2022-07-22,39.852,39.181,41.345,39.123,29539.0,,-3.0557205067300086,300757.SZ
2022-07-25,39.338,37.402,39.959,36.481,21483.0,,-4.54046604221433,300757.SZ
2022-07-26,37.038,40.773,40.966,35.416,37741.0,,9.01288701138978,300757.SZ
2022-07-27,40.416,41.881,42.416,39.123,27991.0,,2.717484609913412,300757.SZ
2022-07-28,41.488,42.559,45.202,41.138,37839.0,,1.618872519758363,300757.SZ
2022-07-29,43.445,43.409,45.131,41.923,27160.0,,1.9972273784628403,300757.SZ
2022-08-01,43.409,42.781,43.859,42.416,17064.0,,-1.4467046004284834,300757.SZ
2022-08-02,42.595,41.238,44.623,41.238,31275.0,,-3.606741310394801,300757.SZ
2022-08-03,41.559,39.545,42.666,39.395,21503.0,,-4.105436733110235,300757.SZ
2022-08-04,39.381,39.923,40.416,38.323,18338.0,,0.9558730560121464,300757.SZ
2022-08-05,39.673,42.666,42.781,39.666,21023.0,,6.870726147834572,300757.SZ
2022-08-08,41.845,43.866,44.045,40.559,18559.0,,2.8125439459991686,300757.SZ
2022-08-09,43.873,43.473,45.059,43.138,15495.0,,-0.8959102721925905,300757.SZ
2022-08-10,43.281,44.795,45.566,42.473,23053.0,,3.0409679571228088,300757.SZ
2022-08-11,45.102,42.559,45.323,42.495,20364.0,,-4.991628529969871,300757.SZ
2022-08-12,42.795,41.923,43.923,41.709,12332.0,,-1.494396014943955,300757.SZ
2022-08-15,41.481,42.331,42.916,41.173,13581.0,,0.9732127948858693,300757.SZ
2022-08-16,42.431,43.966,44.938,42.045,18634.0,,3.8624176135692467,300757.SZ
2022-08-17,44.723,41.852,47.909,41.081,46806.0,,-4.80826092889961,300757.SZ
2022-08-18,41.423,44.131,44.545,39.981,37419.0,,5.445378954410796,300757.SZ
2022-08-19,43.988,41.566,44.095,41.202,20551.0,,-5.812240828442583,300757.SZ
2022-08-22,40.981,40.373,42.173,39.459,16989.0,,-2.8701342443343214,300757.SZ
2022-08-23,40.638,42.881,43.902,40.631,23683.0,,6.212072424640236,300757.SZ
2022-08-24,43.223,40.116,43.916,39.131,22051.0,,-6.448077237004735,300757.SZ
2022-08-25,40.131,37.195,40.616,36.281,18148.0,,-7.281383986439327,300757.SZ
2022-08-26,37.552,36.388,38.659,36.131,13664.0,,-2.169646457857244,300757.SZ
2022-08-29,36.002,36.723,37.602,34.816,15265.0,,0.9206331757722452,300757.SZ
2022-08-30,36.723,35.281,37.202,34.995,13825.0,,-3.926694442175205,300757.SZ
2022-08-31,35.159,31.502,35.402,31.338,25971.0,,-10.711147643207397,300757.SZ
2022-09-01,32.145,31.066,32.545,30.788,14057.0,,-1.3840391086280213,300757.SZ
2022-09-02,31.295,32.309,32.681,30.488,15797.0,,4.001158823150708,300757.SZ
2022-09-05,32.559,32.709,34.323,32.002,16515.0,,1.23804512674488,300757.SZ
2022-09-06,32.916,33.766,33.988,31.702,11814.0,,3.2315264911797925,300757.SZ
2022-09-07,33.859,34.659,35.488,33.188,12366.0,,2.6446721554226116,300757.SZ
2022-09-08,34.666,33.752,35.581,33.273,7600.0,,-2.6169248968521797,300757.SZ
2022-09-09,33.752,33.238,34.538,32.566,7024.0,,-1.5228727186537228,300757.SZ
2022-09-13,33.373,33.595,34.123,32.752,4987.0,,1.074071845478075,300757.SZ
2022-09-14,33.795,32.702,36.023,32.702,19634.0,,-2.6581336508408993,300757.SZ
2022-09-15,33.109,29.966,33.531,29.559,22545.0,,-8.366460766925565,300757.SZ
2022-09-16,29.966,29.916,31.023,29.216,11853.0,,-0.16685576987252038,300757.SZ
2022-09-19,29.923,29.531,30.773,29.131,8459.0,,-1.286936756250845,300757.SZ
2022-09-20,29.888,30.995,31.466,29.573,9438.0,,4.957502285733639,300757.SZ
2022-09-21,31.131,31.438,32.045,30.531,11032.0,,1.4292627843200512,300757.SZ
2022-09-22,31.438,31.888,32.902,30.423,11752.0,,1.4313887651886237,300757.SZ
2022-09-23,32.302,30.909,32.323,30.245,10538.0,,-3.0701204214751754,300757.SZ
2022-09-26,31.345,31.309,31.752,30.373,9632.0,,1.2941214532983913,300757.SZ
2022-09-27,31.538,32.081,32.416,31.002,9098.0,,2.4657446740553812,300757.SZ
2022-09-28,32.073,30.359,32.488,30.281,6754.0,,-5.367663102771115,300757.SZ
2022-09-29,30.809,30.452,31.131,29.581,6642.0,,0.30633420073125084,300757.SZ
2022-09-30,30.845,29.016,30.845,28.988,8240.0,,-4.715618021804824,300757.SZ
2022-10-10,29.145,27.116,29.345,26.759,13713.0,,-6.5481113868210645,300757.SZ
2022-10-11,27.209,28.052,28.702,27.209,8009.0,,3.451836554064025,300757.SZ
2022-10-12,28.145,29.416,29.538,27.116,7282.0,,4.862398402965917,300757.SZ
2022-10-13,29.438,29.345,29.995,28.731,8955.0,,-0.24136524340495624,300757.SZ
2022-10-14,29.309,30.459,30.702,28.573,9700.0,,3.796217413528713,300757.SZ
2022-10-17,30.131,30.316,30.966,29.616,7493.0,,-0.46948356807512415,300757.SZ
2022-10-18,30.331,30.038,30.902,29.902,7848.0,,-0.917007520781099,300757.SZ
2022-10-19,30.038,29.509,30.488,29.502,6310.0,,-1.761102603369069,300757.SZ
2022-10-20,29.488,29.202,29.938,28.281,8241.0,,-1.0403605679623174,300757.SZ
2022-10-21,29.366,28.981,29.881,28.566,9217.0,,-0.7567974796246824,300757.SZ
2022-10-24,28.859,28.495,29.638,28.202,6956.0,,-1.676960767399338,300757.SZ
2022-10-25,28.273,29.452,30.059,28.038,10128.0,,3.358483944551671,300757.SZ
2022-10-26,28.938,30.702,30.902,28.938,10219.0,,4.244193942686403,300757.SZ
2022-10-27,30.273,30.159,31.988,30.131,12251.0,,-1.7686144225132039,300757.SZ
2022-10-28,29.416,29.038,30.931,28.823,10277.0,,-3.7169667429291398,300757.SZ
2022-10-31,28.845,28.688,29.773,28.473,10006.0,,-1.2053171706040366,300757.SZ
2022-11-01,28.745,31.095,31.095,28.745,13680.0,,8.390267707752376,300757.SZ
2022-11-02,31.023,31.681,31.902,30.288,11666.0,,1.8845473548802172,300757.SZ
2022-11-03,31.602,32.181,33.266,31.431,11980.0,,1.578233010321628,300757.SZ
2022-11-04,32.181,34.152,35.409,32.002,21267.0,,6.1247319847114845,300757.SZ
2022-11-07,34.438,34.366,34.759,33.202,15692.0,,0.6266104474115686,300757.SZ
2022-11-08,34.366,33.273,34.366,32.773,9252.0,,-3.180469068265135,300757.SZ
2022-11-09,33.273,33.416,34.188,32.809,7558.0,,0.4297778979953426,300757.SZ
2022-11-10,33.252,32.609,34.095,32.416,5965.0,,-2.4150107732822446,300757.SZ
2022-11-11,33.073,32.681,33.631,32.145,8296.0,,0.22079793921923052,300757.SZ
2022-11-14,32.645,31.338,32.652,30.916,9140.0,,-4.109421376334865,300757.SZ
2022-11-15,31.338,32.173,32.345,30.831,7190.0,,2.6644967770757644,300757.SZ
2022-11-16,32.552,31.345,32.552,31.131,5851.0,,-2.5735865477263586,300757.SZ
2022-11-17,31.409,30.845,31.409,30.488,5288.0,,-1.5951507417450994,300757.SZ
2022-11-18,31.045,34.595,35.052,31.045,27977.0,,12.157562003566213,300757.SZ
2022-11-21,34.131,34.938,35.395,33.031,30092.0,,0.9914727561786574,300757.SZ
2022-11-22,34.602,33.273,34.909,32.845,24134.0,,-4.765584750128793,300757.SZ
2022-11-23,33.766,34.988,35.895,33.081,27772.0,,5.154329336098318,300757.SZ
2022-11-24,35.073,34.695,35.588,34.073,22649.0,,-0.8374299759917658,300757.SZ
2022-11-25,34.495,33.031,34.495,33.031,16205.0,,-4.796080126819435,300757.SZ
2022-11-28,32.881,31.902,33.181,31.631,14376.0,,-3.4180012715328,300757.SZ
2022-11-29,31.902,33.181,34.159,31.902,18440.0,,4.009153031157919,300757.SZ
2022-11-30,33.545,33.395,33.988,32.581,12030.0,,0.6449474096621666,300757.SZ
2022-12-01,33.781,35.473,36.131,33.423,23613.0,,6.22248839646653,300757.SZ
2022-12-02,35.388,37.202,38.273,35.159,36586.0,,4.874129619710765,300757.SZ
2022-12-05,37.309,36.688,37.345,35.773,23518.0,,-1.3816461480565478,300757.SZ
2022-12-06,36.616,36.295,37.116,35.073,20771.0,,-1.0711949411251642,300757.SZ
2022-12-07,36.273,36.259,37.702,35.773,19642.0,,-0.09918721586995582,300757.SZ
2022-12-08,36.816,37.366,38.738,36.273,20957.0,,3.053035108524771,300757.SZ
2022-12-09,36.881,38.238,38.959,36.223,20417.0,,2.3336723224321565,300757.SZ
2022-12-12,38.302,38.273,38.845,37.295,17710.0,,0.09153198389038053,300757.SZ
2022-12-13,37.759,36.166,38.345,35.995,15935.0,,-5.505186423849729,300757.SZ
2022-12-14,36.038,36.216,37.323,35.631,9431.0,,0.13825139633911743,300757.SZ
2022-12-15,36.138,36.431,38.038,35.859,14684.0,,0.5936602606582575,300757.SZ
2022-12-16,36.281,35.202,36.702,34.923,14370.0,,-3.3735005901567305,300757.SZ
2022-12-19,35.131,34.666,35.988,34.202,11836.0,,-1.5226407590477886,300757.SZ
2022-12-20,34.338,36.088,36.545,34.281,15558.0,,4.102001961576196,300757.SZ
2022-12-21,36.588,34.452,36.845,34.131,10407.0,,-4.533362890711601,300757.SZ
2022-12-22,34.445,32.723,34.688,32.581,15960.0,,-5.018576570300704,300757.SZ
2022-12-23,32.716,31.331,33.081,30.659,15038.0,,-4.253888702136111,300757.SZ
2022-12-26,31.323,33.416,33.595,30.773,15512.0,,6.6547508857042414,300757.SZ
2022-12-27,35.202,39.359,39.559,34.766,52363.0,,17.78489346420877,300757.SZ
2022-12-28,38.238,39.916,40.631,37.473,42689.0,,1.4151782311542238,300757.SZ
2022-12-29,39.845,38.338,40.988,38.202,27891.0,,-3.953301934061515,300757.SZ
2022-12-30,38.345,37.123,38.859,36.802,25982.0,,-3.169179404246447,300757.SZ
2023-01-03,37.123,36.631,37.338,35.502,36263.0,,-1.3253239231743041,300757.SZ
2023-01-04,36.873,38.623,40.152,36.102,42576.0,,5.438016980153404,300757.SZ
2023-01-05,39.238,39.181,39.752,38.452,20066.0,,1.444735002459674,300757.SZ
2023-01-06,39.116,43.552,44.695,38.881,47138.0,,11.155917408948213,300757.SZ
2023-01-09,43.916,41.702,44.188,41.209,38492.0,,-4.247795738427628,300757.SZ
2023-01-10,41.702,41.845,43.416,41.273,34164.0,,0.34290921298738564,300757.SZ
2023-01-11,42.009,41.509,42.702,40.923,20616.0,,-0.8029633170032247,300757.SZ
2023-01-12,41.966,41.245,42.273,40.923,13644.0,,-0.6360066491604255,300757.SZ
2023-01-13,41.009,40.702,41.466,39.988,15005.0,,-1.3165232149351391,300757.SZ
2023-01-16,40.895,41.881,43.031,40.288,25352.0,,2.8966635546164854,300757.SZ
2023-01-17,41.895,42.445,43.181,41.452,16802.0,,1.3466727155512004,300757.SZ
2023-01-18,42.559,40.923,42.981,40.323,20926.0,,-3.5858169395688533,300757.SZ
2023-01-19,40.923,39.888,41.131,39.723,12242.0,,-2.529140092368598,300757.SZ
2023-01-20,39.895,40.559,41.209,39.702,12859.0,,1.6822101885278773,300757.SZ
2023-01-30,42.273,41.588,43.766,40.581,33222.0,,2.5370447989348843,300757.SZ
2023-01-31,42.059,42.631,43.495,41.595,29590.0,,2.5079349812445972,300757.SZ
2023-02-01,42.773,43.852,44.902,42.138,29696.0,,2.864112969435384,300757.SZ
2023-02-02,43.295,44.309,45.488,43.273,26335.0,,1.0421417495211083,300757.SZ
2023-02-03,44.402,43.545,45.116,42.416,22438.0,,-1.7242546660949154,300757.SZ
2023-02-06,43.259,43.259,44.338,42.923,17426.0,,-0.6567918245493187,300757.SZ
2023-02-07,43.416,46.145,47.131,42.988,29556.0,,6.671444092558776,300757.SZ
2023-02-08,45.995,45.059,46.559,44.666,16316.0,,-2.353451078123314,300757.SZ
2023-02-09,45.309,46.595,47.281,44.195,22858.0,,3.4088639339532545,300757.SZ
2023-02-10,46.131,45.788,47.316,45.202,17306.0,,-1.7319454877132823,300757.SZ
2023-02-13,45.459,44.773,46.588,43.752,20381.0,,-2.2167380099589296,300757.SZ
2023-02-14,44.831,44.202,45.123,43.702,14728.0,,-1.2753221807786042,300757.SZ
2023-02-15,44.002,44.281,44.773,43.773,13643.0,,0.1787249445726502,300757.SZ
2023-02-16,43.995,41.466,44.181,41.188,21812.0,,-6.357128339468387,300757.SZ
2023-02-17,41.402,40.452,42.045,40.416,15593.0,,-2.445376935320509,300757.SZ
2023-02-20,40.452,40.038,40.866,39.495,20043.0,,-1.023435182438448,300757.SZ
2023-02-21,39.995,39.959,40.902,39.023,18586.0,,-0.19731255307455786,300757.SZ
2023-02-22,39.516,39.666,40.573,39.031,14918.0,,-0.7332515828724628,300757.SZ
2023-02-23,39.488,40.523,41.259,39.352,19065.0,,2.160540513285958,300757.SZ
2023-02-24,40.773,39.588,41.266,39.416,14496.0,,-2.3073316388224074,300757.SZ
2023-02-27,38.988,39.545,40.652,38.702,11680.0,,-0.10861877336566517,300757.SZ
2023-02-28,39.431,38.988,39.831,38.481,14103.0,,-1.4085219370337687,300757.SZ
2023-03-01,38.766,38.723,39.266,38.273,9647.0,,-0.6796963168154369,300757.SZ
2023-03-02,38.723,37.923,38.809,37.309,15675.0,,-2.0659556336027562,300757.SZ
2023-03-03,38.173,36.981,38.173,36.816,15516.0,,-2.4839806977296153,300757.SZ
2023-03-06,37.316,39.359,39.681,37.309,31596.0,,6.430329087910014,300757.SZ
2023-03-07,39.773,38.273,39.831,38.202,21162.0,,-2.7592164435071953,300757.SZ
2023-03-08,38.202,37.545,38.838,37.216,14721.0,,-1.9021242128915983,300757.SZ
2023-03-09,37.566,37.466,38.245,37.166,12185.0,,-0.2104141696630757,300757.SZ
2023-03-10,37.416,36.345,37.566,36.273,11140.0,,-2.9920461218171157,300757.SZ
2023-03-13,36.131,37.059,37.231,36.131,10658.0,,1.9645068097399854,300757.SZ
2023-03-14,36.538,36.095,37.052,35.359,14603.0,,-2.6012574543295752,300757.SZ
2023-03-15,36.459,36.088,37.309,36.016,13635.0,,-0.019393267765610567,300757.SZ
2023-03-16,35.902,34.902,36.481,34.402,14450.0,,-3.286410995344713,300757.SZ
2023-03-17,35.273,34.581,35.481,34.238,10864.0,,-0.9197180677325001,300757.SZ
2023-03-20,34.331,35.366,36.131,33.673,18985.0,,2.2700326769034884,300757.SZ
2023-03-21,35.273,36.623,36.752,34.881,15766.0,,3.554261154781413,300757.SZ
2023-03-22,36.573,35.652,36.845,35.059,19774.0,,-2.6513393222837967,300757.SZ
2023-03-23,35.652,35.281,36.238,35.131,11362.0,,-1.0406148322674835,300757.SZ
2023-03-24,35.281,35.523,35.966,34.759,10133.0,,0.685921600861672,300757.SZ
2023-03-27,35.759,36.595,36.666,35.138,18488.0,,3.017763139374474,300757.SZ
2023-03-28,36.681,36.881,38.502,36.595,22281.0,,0.7815275310834924,300757.SZ
2023-03-29,36.738,38.595,38.888,36.488,22663.0,,4.647379409452013,300757.SZ
2023-03-30,41.131,39.702,41.131,39.552,28272.0,,2.8682471822774946,300757.SZ
2023-03-31,38.988,37.916,39.702,37.088,28134.0,,-4.4985139287693325,300757.SZ
2023-04-03,37.588,38.673,38.809,36.423,24432.0,,1.9965186201076124,300757.SZ
2023-04-04,38.259,36.223,38.259,36.216,22553.0,,-6.335169239521122,300757.SZ
2023-04-06,36.031,37.088,37.123,35.273,14925.0,,2.38798553405295,300757.SZ
2023-04-07,36.816,36.331,37.331,36.273,9869.0,,-2.0410914581535766,300757.SZ
2023-04-10,36.131,38.116,39.702,36.131,27516.0,,4.913159560705727,300757.SZ
2023-04-11,38.273,37.516,38.316,36.388,19450.0,,-1.5741420925595606,300757.SZ
2023-04-12,37.416,37.316,38.673,37.059,14200.0,,-0.5331058748267337,300757.SZ
2023-04-13,37.709,36.809,37.709,36.616,10760.0,,-1.3586665237431794,300757.SZ
2023-04-14,36.981,36.823,37.566,36.273,12380.0,,0.03803417642425089,300757.SZ
2023-04-17,37.416,38.716,40.681,37.416,36911.0,,5.140808733671887,300757.SZ
2023-04-18,38.702,43.116,43.695,38.081,54305.0,,11.364810414298997,300757.SZ
2023-04-19,42.559,42.559,43.602,41.916,38682.0,,-1.291863809258753,300757.SZ
2023-04-20,41.923,42.945,43.466,40.845,35542.0,,0.9069761977490209,300757.SZ
2023-04-21,42.559,41.509,44.438,40.859,31322.0,,-3.343811852369305,300757.SZ
2023-04-24,41.845,39.881,42.031,38.616,26330.0,,-3.9220410031559405,300757.SZ
2023-04-25,39.523,39.088,41.059,37.795,19390.0,,-1.988415536220256,300757.SZ
2023-04-26,38.088,40.438,41.481,37.252,32255.0,,3.453745395006136,300757.SZ
2023-04-27,39.716,39.652,39.988,38.588,17137.0,,-1.9437163064444318,300757.SZ
2023-04-28,39.423,40.738,40.866,38.345,20210.0,,2.7388278018763312,300757.SZ
2023-05-04,41.502,40.416,42.538,39.938,20133.0,,-0.7904168098581299,300757.SZ
2023-05-05,40.416,41.416,42.488,40.152,20865.0,,2.4742676167854416,300757.SZ
2023-05-08,43.852,43.259,45.423,42.702,35735.0,,4.449971025690558,300757.SZ
2023-05-09,42.731,42.345,43.523,41.109,25024.0,,-2.112855128412583,300757.SZ
2023-05-10,42.345,43.381,43.631,41.166,23159.0,,2.4465698429566585,300757.SZ
2023-05-11,43.381,42.702,44.266,42.331,18464.0,,-1.565201355432111,300757.SZ
2023-05-12,42.723,40.773,42.881,40.773,13656.0,,-4.51735281719825,300757.SZ
2023-05-15,40.788,39.866,42.316,39.202,19432.0,,-2.224511318764877,300757.SZ
2023-05-16,39.681,37.816,40.052,37.445,28806.0,,-5.142226458636423,300757.SZ
2023-05-17,37.816,40.188,41.131,37.659,25547.0,,6.272477258303355,300757.SZ
2023-05-18,40.302,42.131,43.273,40.302,35086.0,,4.834776550213982,300757.SZ
2023-05-19,42.702,41.866,43.666,41.716,29583.0,,-0.6289905295388198,300757.SZ
2023-05-22,42.273,42.709,44.345,42.273,31854.0,,2.0135670950174545,300757.SZ
2023-05-23,42.709,41.652,43.273,41.423,20693.0,,-2.4748881968671754,300757.SZ
2023-05-24,41.166,42.209,43.688,40.781,31654.0,,1.3372707192931932,300757.SZ
2023-05-25,43.688,44.423,47.173,43.031,63473.0,,5.245326826032359,300757.SZ
2023-05-26,44.131,43.845,46.131,43.473,47852.0,,-1.3011277941606836,300757.SZ
2023-05-29,43.859,43.445,45.331,42.102,37255.0,,-0.9123047097730597,300757.SZ
2023-05-30,42.952,42.623,43.631,41.845,30674.0,,-1.8920474162734569,300757.SZ
2023-05-31,42.681,46.266,46.488,42.681,53736.0,,8.547028599582385,300757.SZ
2023-06-01,46.131,45.773,46.709,44.902,31149.0,,-1.0655773137941416,300757.SZ
2023-06-02,46.123,44.366,46.159,44.223,25362.0,,-3.073864505276047,300757.SZ
2023-06-05,44.545,44.545,45.252,43.895,20739.0,,0.4034621106252523,300757.SZ
2023-06-06,44.559,43.638,44.559,43.023,20291.0,,-2.0361432259512924,300757.SZ
2023-06-07,47.988,52.423,52.423,45.259,87456.0,,20.13153673403916,300757.SZ
2023-06-08,52.424,53.345,55.274,50.488,102770.0,"{'nd': '2022', 'fh_sh': '1', 'djr': '2023-06-07', 'cqr': '2023-06-08', 'FHcontent': '10派1元'}",1.7587700055319067,300757.SZ
2023-06-09,51.916,56.531,57.488,51.381,122340.0,,5.972443527978255,300757.SZ
2023-06-12,58.352,56.409,60.088,55.488,107590.0,,-0.21581079407758663,300757.SZ
2023-06-13,55.852,53.209,56.402,52.488,97817.0,,-5.672853622648866,300757.SZ
2023-06-14,53.216,55.374,56.038,52.988,84058.0,,4.06886053111315,300757.SZ
2023-06-15,55.081,56.395,62.538,54.416,114581.0,,1.8438256221331217,300757.SZ
2023-06-16,56.459,60.309,60.759,55.245,91794.0,,6.940331589679927,300757.SZ
2023-06-19,60.502,65.359,68.059,59.124,99969.0,,8.373542920625443,300757.SZ
2023-06-20,63.331,67.916,69.059,61.331,96693.0,,3.9122385593414855,300757.SZ
2023-06-21,67.545,64.066,70.702,63.631,78337.0,,-5.668767300783317,300757.SZ
2023-06-26,62.788,65.859,67.631,61.095,83635.0,,2.7986763649985757,300757.SZ
2023-06-27,65.074,60.274,65.074,60.031,75987.0,,-8.480238084392411,300757.SZ
2023-06-28,58.702,58.474,60.131,55.638,70212.0,,-2.9863622789262467,300757.SZ
2023-06-29,59.102,60.809,61.652,58.745,58637.0,,3.9932277593460297,300757.SZ
2023-06-30,60.909,62.638,64.674,60.366,59087.0,,3.0077784538472985,300757.SZ
2023-07-03,62.631,60.402,64.052,59.331,42633.0,,-3.569718062517957,300757.SZ
2023-07-04,60.409,59.774,62.124,59.688,40471.0,,-1.0397006721631685,300757.SZ
2023-07-05,59.066,57.852,59.545,56.995,47534.0,,-3.2154448422391124,300757.SZ
2023-07-06,57.631,57.402,58.788,57.331,31620.0,,-0.7778469197261884,300757.SZ
2023-07-07,56.916,55.845,57.702,54.945,38527.0,,-2.7124490435873394,300757.SZ
2023-07-10,55.859,55.959,56.566,54.959,25953.0,,0.20413644910020068,300757.SZ
2023-07-11,56.116,56.202,56.845,55.195,24640.0,,0.43424650190317937,300757.SZ
2023-07-12,55.909,53.659,55.966,53.352,34560.0,,-4.524750008896483,300757.SZ
2023-07-13,54.774,54.909,55.702,53.674,32631.0,,2.3295253359175483,300757.SZ
2023-07-14,55.488,55.545,56.559,54.066,33151.0,,1.1582800633775925,300757.SZ
2023-07-17,54.059,59.081,59.416,53.916,60958.0,,6.366009541812945,300757.SZ
2023-07-18,59.316,57.188,59.774,56.709,39971.0,,-3.2040757603967407,300757.SZ
2023-07-19,57.345,55.195,59.345,54.988,38029.0,,-3.484996852486544,300757.SZ
2023-07-20,56.774,53.102,56.959,53.102,34711.0,,-3.792010145846547,300757.SZ
2023-07-21,52.631,51.738,53.538,51.081,38257.0,,-2.568641482430034,300757.SZ
2023-07-24,51.202,52.052,52.966,51.066,20276.0,,0.606904016390275,300757.SZ
2023-07-25,52.616,52.688,52.966,50.931,29577.0,,1.2218550680089146,300757.SZ
2023-07-26,52.359,49.988,53.045,49.695,28943.0,,-5.124506529000916,300757.SZ
2023-07-27,49.609,49.345,50.488,48.523,26466.0,,-1.2863087140913887,300757.SZ
2023-07-28,49.059,48.645,49.345,48.009,19591.0,,-1.4185834431046596,300757.SZ
2023-07-31,48.438,48.588,48.916,47.145,25206.0,,-0.11717545482577973,300757.SZ
2023-08-01,49.016,48.623,50.088,47.838,29959.0,,0.0720342471391966,300757.SZ
2023-08-02,47.966,49.059,49.488,47.723,24991.0,,0.8966949797420964,300757.SZ
2023-08-03,48.831,51.002,51.202,48.488,46883.0,,3.960537312215906,300757.SZ
2023-08-04,50.331,51.631,52.631,50.131,29671.0,,1.2332849692168857,300757.SZ
2023-08-07,51.631,52.381,53.131,51.331,28006.0,,1.452615676628377,300757.SZ
2023-08-08,52.009,53.459,53.845,52.009,24654.0,,2.0579981290926197,300757.SZ
2023-08-09,52.616,50.909,52.945,50.473,28745.0,,-4.770010662376778,300757.SZ
2023-08-10,50.473,49.902,51.166,49.288,21241.0,,-1.978039246498653,300757.SZ
2023-08-11,50.531,48.202,50.559,48.202,23400.0,,-3.4066770870907037,300757.SZ
2023-08-28,55.488,44.281,55.488,44.131,70735.0,,-8.134517239948547,300757.SZ
2023-08-29,43.345,46.395,47.388,43.059,44998.0,,4.774056593121223,300757.SZ
2023-08-30,46.202,47.559,49.559,46.202,37555.0,,2.5088910442935486,300757.SZ
2023-08-31,47.031,47.152,48.531,46.845,24554.0,,-0.855779137492374,300757.SZ
2023-09-01,49.059,47.559,49.645,47.166,26061.0,,0.8631659314557005,300757.SZ
2023-09-04,47.173,46.916,48.316,46.038,26621.0,,-1.3520048781513472,300757.SZ
2023-09-05,46.881,49.188,50.873,46.345,50811.0,,4.842697587177103,300757.SZ
2023-09-06,49.988,49.031,51.273,47.723,69669.0,,-0.31918354070099575,300757.SZ
2023-09-07,47.523,45.338,48.038,44.545,49650.0,,-7.531969570271868,300757.SZ
2023-09-08,46.559,44.902,46.845,43.916,33865.0,,-0.9616657108826976,300757.SZ
2023-09-11,44.502,46.845,47.623,43.702,36316.0,,4.327201460959418,300757.SZ
2023-09-12,46.673,49.931,50.731,46.673,62437.0,,6.587682783648208,300757.SZ
2023-09-13,49.909,48.781,50.073,48.023,28371.0,,-2.3031783861729105,300757.SZ
2023-09-14,48.695,46.331,48.831,46.238,24076.0,,-5.02244726430372,300757.SZ
2023-09-15,45.581,45.402,47.281,45.038,23118.0,,-2.0051369493427784,300757.SZ
2023-09-18,45.188,44.073,45.888,43.973,19941.0,,-2.927183824501123,300757.SZ
2023-09-19,43.845,42.595,44.416,42.209,24210.0,,-3.3535271027613334,300757.SZ
2023-09-20,42.631,43.116,44.295,42.623,18481.0,,1.2231482568376695,300757.SZ
2023-09-21,43.223,42.688,43.916,42.473,13782.0,,-0.9926709342239493,300757.SZ
2023-09-22,42.609,46.488,46.881,42.452,37804.0,,8.90179910044977,300757.SZ
2023-09-25,46.566,43.973,46.759,43.809,28303.0,,-5.409998279125794,300757.SZ
2023-09-26,43.916,45.916,46.345,43.416,37511.0,,4.4186205171355075,300757.SZ
2023-09-27,47.066,50.531,51.423,45.559,69908.0,,10.050962627406568,300757.SZ
2023-09-28,51.559,58.259,58.838,51.559,106038.0,,15.293582157487485,300757.SZ
2023-10-09,58.259,58.266,60.974,57.666,76645.0,,0.012015310939084145,300757.SZ
2023-10-10,58.831,57.266,60.074,56.809,49655.0,,-1.7162667765077355,300757.SZ
2023-10-11,58.988,56.452,59.266,53.916,56167.0,,-1.4214368036880476,300757.SZ
2023-10-12,56.416,54.181,56.681,53.945,41637.0,,-4.022886700205486,300757.SZ
2023-10-13,54.388,53.652,54.488,52.995,30112.0,,-0.9763570255255427,300757.SZ
2023-10-16,52.952,51.238,53.059,50.745,34746.0,,-4.4993662864385335,300757.SZ
2023-10-17,51.495,50.266,51.559,48.773,42806.0,,-1.8970295483820676,300757.SZ
2023-10-18,49.773,48.538,50.702,47.745,29576.0,,-3.437711375482433,300757.SZ
2023-10-19,47.688,46.916,48.638,46.852,23524.0,,-3.3417116486052167,300757.SZ
2023-10-20,46.602,45.416,47.188,45.238,29189.0,,-3.197203512660929,300757.SZ
2023-10-23,45.416,43.416,45.416,43.066,26914.0,,-4.403734366742995,300757.SZ
2023-10-24,43.973,46.002,48.702,43.731,62985.0,,5.956329463792165,300757.SZ
2023-10-25,46.173,45.416,47.273,45.159,36281.0,,-1.273857658362687,300757.SZ
2023-10-26,44.823,46.538,46.831,43.816,41127.0,,2.470494979742832,300757.SZ
2023-10-27,46.209,45.231,46.266,43.895,45954.0,,-2.808457604538217,300757.SZ
2023-10-30,44.981,45.673,46.038,44.631,29845.0,,0.9772058986093679,300757.SZ
2023-10-31,45.488,44.416,46.109,43.973,26416.0,,-2.7521730562914737,300757.SZ
2023-11-01,44.338,44.352,44.652,43.702,16111.0,,-0.14409221902017544,300757.SZ
2023-11-02,44.266,44.259,46.188,44.202,29618.0,,-0.20968614718613887,300757.SZ
2023-11-03,43.973,44.888,45.523,43.973,29241.0,,1.421179873020173,300757.SZ
2023-11-06,45.166,46.231,46.538,45.166,30085.0,,2.9918909285332473,300757.SZ
2023-11-07,46.195,50.252,50.331,45.931,61344.0,,8.697627133308817,300757.SZ
2023-11-08,49.773,50.966,53.474,48.688,63501.0,,1.420838971583227,300757.SZ
2023-11-09,51.209,50.981,51.859,50.131,36372.0,,0.029431385629630213,300757.SZ
2023-11-10,50.488,49.973,52.531,49.688,28296.0,,-1.9772071948372938,300757.SZ
2023-11-13,50.238,52.052,53.338,50.238,34334.0,,4.160246533127898,300757.SZ
2023-11-14,51.423,51.031,53.331,50.595,36413.0,,-1.961500038423114,300757.SZ
2023-11-15,51.109,47.988,51.488,47.645,52431.0,,-5.963042072465752,300757.SZ
2023-11-16,47.981,46.716,48.345,46.702,27515.0,,-2.6506626656664145,300757.SZ
2023-11-17,46.245,55.974,56.102,46.245,82438.0,,19.817621371692763,300757.SZ
2023-11-20,55.488,54.552,57.902,53.945,85905.0,,-2.5404652159931373,300757.SZ
2023-11-21,53.974,52.402,54.788,52.359,50643.0,,-3.9411937234198557,300757.SZ
2023-11-22,51.995,50.059,52.916,50.059,48703.0,,-4.47120338918362,300757.SZ
2023-11-23,50.145,50.781,51.466,49.852,33251.0,,1.4422980882558667,300757.SZ
2023-11-24,50.845,49.773,50.845,49.345,22882.0,,-1.9849943876646736,300757.SZ
2023-11-27,49.623,52.695,53.916,49.423,56403.0,,5.870652763546502,300757.SZ
2023-11-28,53.066,52.574,53.616,51.859,37373.0,,-0.22962330391878005,300757.SZ
2023-11-29,53.345,52.866,54.516,52.488,41538.0,,0.5554076159318244,300757.SZ
2023-11-30,52.273,52.295,53.909,51.202,38428.0,,-1.0800892823364716,300757.SZ
2023-12-01,51.738,54.009,54.688,51.209,47792.0,,3.2775599961755386,300757.SZ
2023-12-04,53.974,56.595,58.345,53.159,58309.0,,4.788090873743256,300757.SZ
2023-12-05,56.274,53.231,58.174,53.202,51018.0,,-5.943987984804311,300757.SZ
2023-12-06,53.345,54.074,55.988,52.616,40519.0,,1.583663654637335,300757.SZ
2023-12-07,54.045,54.738,56.045,52.709,36891.0,,1.2279468875984856,300757.SZ
2023-12-08,54.631,58.474,60.559,54.524,72998.0,,6.82524023530271,300757.SZ
2023-12-11,58.645,58.752,60.188,56.366,60655.0,,0.47542497520265403,300757.SZ
2023-12-12,60.024,58.709,60.902,56.988,50545.0,,-0.07318899782134958,300757.SZ
2023-12-13,58.352,56.688,59.774,56.595,34991.0,,-3.44240235738984,300757.SZ
2023-12-14,56.702,56.666,59.202,56.559,38553.0,,-0.03880891899521455,300757.SZ
2023-12-15,56.274,53.624,56.516,53.381,42906.0,,-5.368298450569997,300757.SZ
2023-12-18,53.538,54.081,55.274,53.166,24173.0,,0.8522303446218071,300757.SZ
2023-12-19,53.959,54.952,55.252,52.681,25844.0,,1.6105471422495743,300757.SZ
2023-12-20,54.952,53.202,54.952,52.459,25855.0,,-3.18459746688019,300757.SZ
2023-12-21,52.838,58.488,61.202,52.081,56838.0,,9.935716702379604,300757.SZ
2023-12-22,58.488,57.016,59.059,56.559,36105.0,,-2.516755573792917,300757.SZ
2023-12-25,57.152,56.774,58.345,56.559,20190.0,,-0.424442261821234,300757.SZ
2023-12-26,56.838,54.631,57.074,54.416,21061.0,,-3.7746151407334394,300757.SZ
2023-12-27,54.452,54.316,55.981,53.716,18658.0,,-0.5765957057348392,300757.SZ
2023-12-28,54.316,57.081,58.631,53.859,40304.0,,5.090581044259523,300757.SZ
2023-12-29,56.916,57.909,59.416,55.959,33541.0,,1.4505702422872746,300757.SZ
2024-01-02,57.131,55.431,57.702,55.274,21386.0,,-4.279127596746624,300757.SZ
2024-01-03,55.416,51.581,55.431,51.395,39646.0,,-6.94557197236203,300757.SZ
2024-01-04,51.738,50.652,51.738,49.609,23119.0,,-1.8010507745099935,300757.SZ
2024-01-05,50.659,48.159,50.659,47.852,24229.0,,-4.921819474058287,300757.SZ
2024-01-08,47.888,48.159,49.273,47.888,17677.0,,0.0,300757.SZ
2024-01-09,48.888,49.316,50.752,48.781,26576.0,,2.4024585228098694,300757.SZ
2024-01-10,49.009,49.016,50.166,47.638,16567.0,,-0.6083218428096449,300757.SZ
2024-01-11,48.345,50.631,51.188,48.338,20443.0,,3.294842500408035,300757.SZ
2024-01-12,50.552,49.823,51.552,49.523,19158.0,,-1.5958602437242009,300757.SZ
2024-01-15,49.538,50.252,50.895,48.988,10663.0,,0.8610481103105139,300757.SZ
2024-01-16,50.266,49.438,50.266,48.381,12629.0,,-1.619836026426813,300757.SZ
2024-01-17,49.388,48.345,50.131,48.345,11278.0,,-2.21084995347709,300757.SZ
2024-01-18,47.481,50.516,51.923,47.066,41164.0,,4.4906401902989,300757.SZ
2024-01-19,50.781,45.838,51.395,45.695,36736.0,,-9.260432338269053,300757.SZ
2024-01-22,46.559,44.059,48.038,43.345,32259.0,,-3.8810593830446383,300757.SZ
2024-01-23,44.059,45.773,46.966,43.352,32576.0,,3.8902380898341082,300757.SZ
2024-01-24,45.845,44.652,46.488,42.809,27289.0,,-2.4490420116662692,300757.SZ
2024-01-25,44.416,45.095,45.981,43.816,29430.0,,0.9921168144763959,300757.SZ
2024-01-26,44.852,43.352,45.038,43.059,21144.0,,-3.865173522563481,300757.SZ
2024-01-29,43.702,39.773,43.923,36.916,36600.0,,-8.255674478686092,300757.SZ
2024-01-30,39.688,38.309,40.109,38.309,21757.0,,-3.6808890453322696,300757.SZ
2024-01-31,38.273,35.895,38.666,35.788,29155.0,,-6.301391317967042,300757.SZ
2024-02-01,35.073,36.888,38.202,34.773,34994.0,,2.766402005850388,300757.SZ
2024-02-02,36.973,33.666,37.473,32.559,47305.0,,-8.734547820429416,300757.SZ
2024-02-05,33.588,30.331,33.652,29.266,46459.0,,-9.906136755183258,300757.SZ
2024-02-06,29.873,31.952,32.809,28.081,48457.0,,5.344367149121365,300757.SZ
2024-02-07,32.059,31.559,34.523,30.759,47916.0,,-1.2299699549323972,300757.SZ
2024-02-08,31.816,35.273,35.723,31.688,48379.0,,11.768433727304428,300757.SZ
2024-02-19,37.281,40.845,41.559,37.273,64319.0,,15.79678507640403,300757.SZ
2024-02-20,44.059,49.059,49.059,42.359,77101.0,,20.11017260374586,300757.SZ
2024-02-21,46.916,44.973,46.916,44.281,90320.0,,-8.32874701889561,300757.SZ
2024-02-22,46.745,45.823,46.981,44.523,66078.0,,1.8900229026304727,300757.SZ
2024-02-23,47.838,46.581,50.281,46.395,83833.0,,1.6541911267267562,300757.SZ
2024-02-26,44.809,48.202,49.459,44.388,73513.0,,3.479959640196628,300757.SZ
2024-02-27,47.273,51.845,54.802,46.331,82404.0,,7.557777685573219,300757.SZ
2024-02-28,54.059,50.495,59.059,50.495,93159.0,,-2.6039155174076623,300757.SZ
2024-02-29,52.774,58.266,60.488,52.631,107306.0,,15.389642538865234,300757.SZ
2024-03-01,60.131,67.059,69.966,58.981,154794.0,,15.091133765832554,300757.SZ
2024-03-04,72.545,80.516,80.516,69.688,179286.0,,20.06740333139476,300757.SZ
2024-03-05,79.059,77.545,80.824,75.274,153290.0,,-3.6899498236375394,300757.SZ
2024-03-06,77.988,87.545,91.488,77.638,169921.0,,12.89573795860468,300757.SZ
2024-03-07,88.345,88.924,91.202,84.859,135126.0,,1.5751899023359384,300757.SZ
2024-03-08,91.416,92.309,96.416,86.566,158627.0,,3.8066213845530994,300757.SZ
2024-03-11,87.702,92.131,92.774,86.802,121695.0,,-0.1928306015664738,300757.SZ
2024-03-12,91.202,93.166,95.188,86.202,147055.0,,1.1234003755522082,300757.SZ
2024-03-13,96.131,90.845,97.452,90.488,151107.0,,-2.491252173539704,300757.SZ
2024-03-14,89.059,91.988,95.131,87.988,121371.0,,1.2581870218504099,300757.SZ
2024-03-15,90.845,93.845,94.459,89.995,115823.0,,2.0187415749880477,300757.SZ
2024-03-18,92.774,92.202,94.409,90.916,104926.0,,-1.7507592306462816,300757.SZ
2024-03-19,90.474,92.166,93.259,86.938,114601.0,,-0.03904470618858458,300757.SZ
2024-03-20,92.324,94.766,94.766,91.038,84885.0,,2.820996896903427,300757.SZ
2024-03-21,94.074,99.931,105.224,93.345,147201.0,,5.4502669733870635,300757.SZ
2024-03-22,99.759,99.959,101.774,97.638,85540.0,,0.028019333340001396,300757.SZ
2024-03-25,99.059,99.488,101.902,99.059,70424.0,,-0.4711931892075749,300757.SZ
2024-03-26,98.709,94.774,100.988,91.702,133913.0,,-4.738259890640073,300757.SZ
2024-03-27,96.274,98.274,99.395,91.202,125112.0,,3.692995969358681,300757.SZ
2024-03-28,96.559,100.438,101.545,95.566,113619.0,,2.2020066345116662,300757.SZ
2024-03-29,102.695,110.831,111.138,101.559,108838.0,,10.347677173977976,300757.SZ
2024-04-01,114.724,105.888,116.438,101.202,121616.0,,-4.45994351760789,300757.SZ
2024-04-02,104.059,84.666,105.488,84.666,189964.0,,-20.04193109700817,300757.SZ
2024-04-03,87.631,87.481,91.045,84.531,131127.0,,3.324829329364798,300757.SZ
2024-04-08,84.938,80.116,85.202,79.545,120603.0,,-8.418970976554906,300757.SZ
2024-04-09,78.595,79.916,81.281,76.481,86802.0,,-0.2496380248639518,300757.SZ
2024-04-10,79.916,77.688,81.559,76.202,61497.0,,-2.787927323689865,300757.SZ
2024-04-11,78.695,76.631,79.266,76.631,51860.0,,-1.3605704870765178,300757.SZ
2024-04-12,77.759,79.452,82.545,77.702,90006.0,,3.681277811851591,300757.SZ
2024-04-15,79.595,75.016,81.109,73.209,89165.0,,-5.583245229824286,300757.SZ
2024-04-16,73.724,70.824,75.845,70.502,73662.0,,-5.588141196544749,300757.SZ
2024-04-17,73.652,76.781,76.781,71.845,79401.0,,8.410990624647031,300757.SZ
2024-04-18,72.988,75.581,78.102,71.288,81098.0,,-1.5628866516455897,300757.SZ
2024-04-19,75.588,73.595,76.559,71.202,66886.0,,-2.6276445138328497,300757.SZ
2024-04-22,69.759,71.981,74.824,69.259,65595.0,,-2.193083769277815,300757.SZ
2024-04-23,73.888,71.402,75.045,71.116,53033.0,,-0.8043789333296192,300757.SZ
2024-04-24,71.916,81.352,82.666,70.966,117603.0,,13.935183888406488,300757.SZ
2024-04-25,78.324,78.059,80.131,77.274,81599.0,,-4.047841479004822,300757.SZ
2024-04-26,79.781,91.916,93.345,78.345,149302.0,,17.751956853149544,300757.SZ
2024-04-29,91.559,93.845,97.145,91.202,103023.0,,2.098655293964047,300757.SZ
2024-04-30,91.559,93.345,96.188,91.281,67386.0,,-0.5327934359848685,300757.SZ
2024-05-06,95.202,82.845,95.202,79.074,145211.0,,-11.248593925759277,300757.SZ
2024-05-07,84.695,82.281,84.916,80.209,77902.0,,-0.6807894260365654,300757.SZ
2024-05-08,81.202,81.488,83.145,79.745,53118.0,,-0.963770493795657,300757.SZ
2024-05-09,81.488,79.502,81.902,78.388,50581.0,,-2.4371686628706146,300757.SZ
2024-05-10,79.059,77.988,79.059,76.824,47735.0,,-1.9043546074312578,300757.SZ
2024-05-13,77.988,81.345,82.952,77.695,69416.0,,4.3045083859055255,300757.SZ
2024-05-14,80.702,81.724,83.024,79.416,60102.0,,0.4659167742331993,300757.SZ
2024-05-15,81.916,83.981,87.609,81.816,80588.0,,2.7617346189613645,300757.SZ
2024-05-16,86.752,90.595,91.916,83.995,101856.0,,7.875590907467167,300757.SZ
2024-05-17,87.788,94.631,95.988,87.774,97408.0,,4.454991997350843,300757.SZ
2024-05-20,92.731,93.281,95.488,91.988,69076.0,,-1.4265938223203767,300757.SZ
2024-05-21,92.774,89.131,94.052,87.366,71779.0,,-4.448923146192696,300757.SZ
2024-05-22,88.431,89.559,89.809,87.645,40842.0,,0.48019207683072107,300757.SZ
2024-05-23,90.488,91.259,93.681,87.059,75236.0,,1.898190019986834,300757.SZ
2024-05-24,89.631,85.881,93.338,85.602,75275.0,,-5.893117391161418,300757.SZ
2024-05-27,84.681,81.759,85.881,80.509,62657.0,,-4.7996646522513675,300757.SZ
2024-05-28,81.209,84.059,87.988,80.588,55365.0,,2.813145953350693,300757.SZ
2024-05-29,86.202,89.095,91.759,83.402,77120.0,,5.991030109803841,300757.SZ
2024-05-30,87.802,84.131,88.231,84.074,50667.0,,-5.571580896795558,300757.SZ
2024-05-31,83.452,84.802,86.766,83.345,36901.0,,0.7975657011089821,300757.SZ
2024-06-03,84.416,84.674,87.631,84.202,48513.0,,-0.15093983632461505,300757.SZ
2024-06-04,83.738,80.731,83.981,79.416,53178.0,,-4.656683279401008,300757.SZ
2024-06-05,81.095,79.816,81.831,79.759,23296.0,,-1.1333936158352986,300757.SZ
2024-06-06,81.116,78.002,82.781,77.545,44506.0,,-2.272727272727282,300757.SZ
2024-06-07,77.988,76.916,78.916,75.488,31184.0,,-1.3922719930258176,300757.SZ
2024-06-11,76.116,79.166,80.045,76.116,27438.0,,2.9252691247594775,300757.SZ
2024-06-12,78.009,86.666,89.559,78.009,70443.0,,9.4737639895915,300757.SZ
2024-06-13,85.932,85.582,88.142,84.432,61923.0,"{'nd': '2023', 'fh_sh': '1.8', 'djr': '2024-06-12', 'cqr': '2024-06-13', 'FHcontent': '10派1.8元转4股'}",-1.250778852145018,300757.SZ
2024-06-14,86.202,90.532,91.862,85.062,115844.0,,5.783926526606065,300757.SZ
2024-06-17,90.432,89.752,92.702,89.072,68863.0,,-0.8615738081562352,300757.SZ
2024-06-18,90.672,90.582,93.502,88.962,80890.0,,0.9247704786522926,300757.SZ
2024-06-19,90.592,88.922,91.342,87.702,54181.0,,-1.832593672031968,300757.SZ
2024-06-20,93.552,91.092,97.902,90.252,129622.0,,2.4403409729875536,300757.SZ
2024-06-21,90.902,90.402,92.902,86.792,90403.0,,-0.7574759583717561,300757.SZ
2024-06-24,90.402,87.032,92.502,86.222,69396.0,,-3.7277936328842354,300757.SZ
2024-06-25,85.612,83.512,86.102,82.722,61415.0,,-4.044489383215366,300757.SZ
2024-06-26,85.362,85.832,86.472,83.922,60888.0,,2.778043873934277,300757.SZ
2024-06-27,85.032,82.402,85.162,81.702,53554.0,,-3.9961785814148443,300757.SZ
2024-06-28,82.902,87.252,87.902,82.062,73747.0,,5.885779471372055,300757.SZ
2024-07-01,86.252,87.552,88.002,85.302,45294.0,,0.3438316600192781,300757.SZ
2024-07-02,86.702,80.882,87.232,78.202,92290.0,,-7.618329678362579,300757.SZ
2024-07-03,80.722,81.052,82.992,79.102,45320.0,,0.21018273534285647,300757.SZ
2024-07-04,81.932,78.622,82.582,77.902,49959.0,,-2.99807530967775,300757.SZ
2024-07-05,78.072,80.162,82.082,76.502,53594.0,,1.9587392841698303,300757.SZ
2024-07-08,79.902,79.752,81.792,78.972,39130.0,,-0.5114642848232487,300757.SZ
2024-07-09,79.482,83.772,83.902,78.352,79675.0,,5.0406259404153,300757.SZ
2024-07-10,83.042,85.802,87.402,83.042,77692.0,,2.4232440433557656,300757.SZ
2024-07-11,86.412,86.652,87.372,84.582,70379.0,,0.990652898533817,300757.SZ
2024-07-12,85.022,86.202,87.632,84.522,55267.0,,-0.5193186539260486,300757.SZ
2024-07-15,85.202,85.902,87.512,84.102,41008.0,,-0.3480197675227892,300757.SZ
2024-07-16,85.512,86.222,86.792,84.642,47282.0,,0.37251751996461024,300757.SZ
2024-07-17,85.742,86.732,90.892,85.482,83828.0,,0.5914963698360198,300757.SZ
2024-07-18,82.782,83.012,84.462,80.152,67851.0,,-4.289074390075176,300757.SZ
2024-07-19,82.382,82.902,85.102,82.122,39817.0,,-0.13251096227051562,300757.SZ
2024-07-22,83.342,84.982,85.282,81.902,40205.0,,2.5089865141974865,300757.SZ
2024-07-23,84.752,84.682,87.362,83.852,61713.0,,-0.3530159327857607,300757.SZ
2024-07-24,82.842,83.412,86.602,82.512,44325.0,,-1.4997283956448837,300757.SZ
2024-07-25,81.902,80.502,82.872,78.432,51414.0,,-3.488706660912111,300757.SZ
2024-07-26,80.632,80.592,81.992,79.912,30194.0,,0.11179846463442722,300757.SZ
2024-07-29,85.752,96.732,96.732,85.402,153617.0,,20.026801667659335,300757.SZ
2024-07-30,99.232,96.162,99.872,95.602,128238.0,,-0.5892569160153793,300757.SZ
2024-07-31,95.602,97.302,99.402,93.312,105638.0,,1.1854994696449683,300757.SZ
2024-08-01,98.902,94.792,99.902,94.732,66551.0,,-2.5795975416743833,300757.SZ
2024-08-02,93.542,90.512,94.252,90.032,68609.0,,-4.515148957717951,300757.SZ
2024-08-05,86.852,79.132,87.252,79.102,128506.0,,-12.572918508043129,300757.SZ
2024-08-06,82.802,86.302,87.252,81.622,113068.0,,9.060809786180046,300757.SZ
2024-08-07,86.162,84.672,86.672,84.562,44327.0,,-1.8887163681027164,300757.SZ
2024-08-08,82.922,82.972,84.472,81.602,41696.0,,-2.0077475434618353,300757.SZ
2024-08-09,84.902,83.622,85.362,83.402,38705.0,,0.7833968085619425,300757.SZ
2024-08-12,82.812,82.092,84.182,81.912,29971.0,,-1.829662050656522,300757.SZ
2024-08-13,82.842,82.352,83.832,81.202,38344.0,,0.31671782877746857,300757.SZ
2024-08-14,82.902,81.232,83.072,80.812,38875.0,,-1.3600155430347871,300757.SZ
2024-08-15,80.842,81.662,82.542,80.402,30848.0,,0.5293480401812101,300757.SZ
2024-08-16,82.702,84.842,86.502,82.202,63540.0,,3.8941000710244644,300757.SZ
2024-08-19,84.842,82.872,84.842,82.522,43598.0,,-2.3219631786143613,300757.SZ
2024-08-20,83.902,81.972,83.902,81.762,29272.0,,-1.0860121633362363,300757.SZ
2024-08-21,80.972,82.202,83.552,80.972,29299.0,,0.2805836139169626,300757.SZ
2024-08-22,82.142,79.922,82.402,78.482,50700.0,,-2.7736551422106515,300757.SZ
2024-08-23,78.912,77.102,79.562,76.912,42554.0,,-3.528440229223484,300757.SZ
2024-08-26,77.502,78.392,79.202,77.422,33076.0,,1.6731083499779364,300757.SZ
2024-08-27,77.852,78.932,79.842,77.812,27703.0,,0.6888458005918974,300757.SZ
2024-08-28,78.352,79.172,80.702,78.352,25408.0,,0.30405919018900995,300757.SZ
2024-08-29,78.702,80.672,81.292,77.202,41683.0,,1.8946092052746,300757.SZ
2024-08-30,80.412,83.232,83.902,80.412,44391.0,,3.1733439111463646,300757.SZ
2024-09-02,82.902,78.912,84.132,78.912,46174.0,,-5.190311418685112,300757.SZ
2024-09-03,79.052,78.292,79.672,77.202,30932.0,,-0.7856853203568548,300757.SZ
2024-09-04,74.402,75.702,76.562,72.402,43689.0,,-3.30812854442345,300757.SZ
2024-09-05,75.562,76.502,78.632,75.492,33312.0,,1.0567752503236383,300757.SZ
2024-09-06,76.292,72.102,76.712,71.902,55100.0,,-5.7514836213432226,300757.SZ
2024-09-09,70.402,70.852,71.672,67.962,54867.0,,-1.733655099719844,300757.SZ
2024-09-10,70.852,70.532,71.502,69.702,43884.0,,-0.45164568396094396,300757.SZ
2024-09-11,70.912,76.452,77.582,69.822,82596.0,,8.393353371519318,300757.SZ
2024-09-12,78.835,80.255,82.205,78.005,88627.0,"{'nd': '2024', 'fh_sh': '0.53', 'djr': '2024-09-11', 'cqr': '2024-09-12', 'FHcontent': '10派0.53元'}",4.97436299900591,300757.SZ
2024-09-13,80.255,80.285,81.655,79.615,60110.0,,0.03738084854525425,300757.SZ
2024-09-18,79.455,81.035,81.205,79.145,41929.0,,0.9341720122065134,300757.SZ
2024-09-19,81.955,79.525,81.955,78.955,46384.0,,-1.8633923613253445,300757.SZ
2024-09-20,80.155,80.955,81.145,78.615,42863.0,,1.7981766740018834,300757.SZ
2024-09-23,80.455,80.015,83.935,79.955,44138.0,,-1.1611389043295617,300757.SZ
2024-09-24,80.375,84.745,85.465,78.835,91589.0,,5.91139161407237,300757.SZ
2024-09-25,88.315,94.755,101.315,87.355,133611.0,,11.811906307156761,300757.SZ
2024-09-26,93.355,94.375,94.855,90.055,108319.0,,-0.40103424621391603,300757.SZ
2024-09-27,94.155,98.395,100.405,93.535,117304.0,,4.259602649006622,300757.SZ
2024-09-30,98.395,116.455,117.335,97.865,164835.0,,18.354591188576652,300757.SZ
2024-10-08,139.755,139.755,139.755,128.955,152327.0,,20.007728307071403,300757.SZ
2024-10-09,139.955,151.335,167.705,137.555,199230.0,,8.285928947085974,300757.SZ
2024-10-10,158.805,155.555,171.955,144.955,188988.0,,2.7885155449829835,300757.SZ
2024-10-11,150.955,149.455,159.945,146.555,147534.0,,-3.921442576580625,300757.SZ
2024-10-14,149.955,179.355,179.355,144.835,174883.0,,20.00602187949547,300757.SZ
2024-10-15,177.955,174.355,189.855,172.935,172607.0,,-2.7877672771877027,300757.SZ
2024-10-16,173.945,155.975,176.955,146.795,208924.0,,-10.541710877233223,300757.SZ
2024-10-17,158.955,158.845,163.355,157.055,138825.0,,1.8400384677031534,300757.SZ
2024-10-18,159.955,190.625,190.625,159.955,184091.0,,20.006924989769903,300757.SZ
2024-10-21,193.025,208.655,222.175,190.955,220589.0,,9.458360655737707,300757.SZ
2024-10-22,210.065,206.955,213.955,201.255,136476.0,,-0.8147420382928705,300757.SZ
2024-10-23,200.955,204.395,219.575,200.955,128025.0,,-1.2369838853857118,300757.SZ
2024-10-24,200.955,200.935,205.985,195.955,93953.0,,-1.6928007045182158,300757.SZ
2024-10-25,204.055,200.415,207.605,198.955,88817.0,,-0.2587901560206052,300757.SZ
2024-10-28,195.955,199.545,203.955,192.995,81174.0,,-0.43409924406856426,300757.SZ
2024-10-29,199.965,204.955,223.925,199.635,148710.0,,2.711167906988421,300757.SZ
2024-10-30,200.955,212.955,216.355,200.955,103621.0,,3.9032958454294775,300757.SZ
2024-10-31,212.615,206.855,212.615,197.555,102210.0,,-2.8644549317931145,300757.SZ
2024-11-01,201.135,196.555,203.225,190.615,93815.0,,-4.979333349447668,300757.SZ
2024-11-04,196.555,204.935,208.835,196.555,76583.0,,4.263437714634577,300757.SZ
2024-11-05,203.755,204.285,206.535,199.755,82279.0,,-0.3171737380144979,300757.SZ
2024-11-06,203.955,204.845,217.955,202.505,92423.0,,0.2741268326112989,300757.SZ
2024-11-07,204.885,209.055,219.565,200.935,99448.0,,2.055212477727064,300757.SZ
2024-11-08,210.965,234.445,234.955,210.965,138437.0,,12.145129272201082,300757.SZ
2024-11-11,244.955,224.955,254.955,221.015,126635.0,,-4.047857706498315,300757.SZ
2024-11-12,223.245,230.945,235.615,223.125,75424.0,,2.6627547731768564,300757.SZ
2024-11-13,228.755,227.935,230.755,215.955,74107.0,,-1.303340622226068,300757.SZ
2024-11-14,224.955,210.255,224.955,208.355,87941.0,,-7.756597275539079,300757.SZ
2024-11-15,209.845,193.525,212.225,193.285,99077.0,,-7.957004589664929,300757.SZ
2024-11-18,189.865,190.255,195.565,184.615,74583.0,,-1.689704172587525,300757.SZ
2024-11-19,191.945,189.955,195.135,178.285,94947.0,,-0.1576831095109088,300757.SZ
2024-11-20,189.955,193.835,199.795,189.955,77352.0,,2.042589034244946,300757.SZ
2024-11-21,187.955,207.955,210.455,186.955,93451.0,,7.284546134599013,300757.SZ
2024-11-22,204.955,195.445,208.755,195.055,63990.0,,-6.015724555793334,300757.SZ
2024-11-25,190.855,187.055,196.655,182.565,76356.0,,-4.29276778633374,300757.SZ
2024-11-26,189.955,186.115,189.955,182.585,48209.0,,-0.5025259950282024,300757.SZ
2024-11-27,184.725,188.385,188.455,177.955,60273.0,,1.2196760067699985,300757.SZ
2024-11-28,187.925,188.105,195.485,182.835,64646.0,,-0.14863179127849735,300757.SZ
2024-11-29,185.965,187.585,195.835,183.955,59606.0,,-0.2764413492464257,300757.SZ
2024-12-02,184.885,187.965,191.855,181.075,66924.0,,0.2025748327424859,300757.SZ
2024-12-03,184.995,183.635,188.335,181.835,62414.0,,-2.3036203548533085,300757.SZ
2024-12-04,182.805,179.655,185.955,179.255,44021.0,,-2.1673428268031647,300757.SZ
2024-12-05,180.955,180.455,184.145,178.965,35837.0,,0.44529793214773683,300757.SZ
2024-12-06,179.865,184.955,189.835,179.865,62319.0,,2.4936964894294977,300757.SZ
2024-12-09,182.065,175.175,183.325,171.955,75419.0,,-5.287772701467929,300757.SZ
2024-12-10,181.955,181.275,185.255,175.465,66564.0,,3.4822320536606277,300757.SZ
2024-12-11,180.945,187.955,195.665,180.945,78501.0,,3.6850089642807893,300757.SZ
2024-12-12,194.955,208.455,215.255,190.955,114233.0,,10.906866005160797,300757.SZ
2024-12-13,204.005,198.955,208.395,198.235,89669.0,,-4.557338514307641,300757.SZ
2024-12-16,199.955,182.835,201.855,165.205,93514.0,,-8.10233469880124,300757.SZ
2024-12-17,182.285,177.535,183.755,176.955,50275.0,,-2.8987885251729795,300757.SZ
2024-12-18,176.915,167.805,178.955,166.925,70361.0,,-5.480609457290109,300757.SZ
2024-12-19,163.955,169.195,172.475,162.785,54153.0,,0.8283424212627732,300757.SZ
2024-12-20,181.955,189.145,194.925,181.175,95124.0,,11.791128579449751,300757.SZ
2024-12-23,206.915,197.215,209.825,195.955,78050.0,,4.266567976948887,300757.SZ
2024-12-24,199.955,197.825,202.955,188.255,58347.0,,0.30930710138681317,300757.SZ
2024-12-25,194.985,194.645,201.385,192.955,37679.0,,-1.607481359787677,300757.SZ
2024-12-26,200.955,201.955,205.905,197.955,78012.0,,3.7555549847157588,300757.SZ
2024-12-27,202.955,227.395,239.795,201.185,114559.0,,12.59686563838478,300757.SZ
2024-12-30,223.685,227.455,232.955,216.455,84734.0,,0.02638580443721228,300757.SZ
2024-12-31,227.955,225.275,241.555,224.965,83211.0,,-0.9584313380668785,300757.SZ
2025-01-02,223.955,215.615,228.285,214.025,75106.0,,-4.288092331594717,300757.SZ
2025-01-03,217.955,199.955,219.945,197.965,78826.0,,-7.2629455279085375,300757.SZ
2025-01-06,163.955,159.955,176.955,159.955,133165.0,,-20.00450101272786,300757.SZ
2025-01-07,160.525,162.845,162.955,153.955,101331.0,,1.8067581507298813,300757.SZ
2025-01-08,162.155,169.755,174.175,161.955,107646.0,,4.243298842457555,300757.SZ
2025-01-09,168.735,162.855,170.115,162.455,74092.0,,-4.064681452681807,300757.SZ
2025-01-10,157.965,152.965,161.945,152.965,66062.0,,-6.072886923950749,300757.SZ
2025-01-13,154.655,158.495,162.405,154.655,68788.0,,3.615206092897072,300757.SZ
2025-01-14,160.865,164.245,164.765,155.455,77748.0,,3.627874696362654,300757.SZ
2025-01-15,165.955,167.455,169.945,162.505,70214.0,,1.9543973941368087,300757.SZ
2025-01-16,173.335,189.955,195.745,168.055,128247.0,,13.436445612254033,300757.SZ
2025-01-17,188.435,189.905,193.935,185.145,78697.0,,-0.026322023637181946,300757.SZ
2025-01-20,187.955,189.245,192.675,185.095,54581.0,,-0.34754219214870874,300757.SZ
2025-01-21,189.865,189.265,190.955,184.955,51903.0,,0.010568310919700785,300757.SZ
2025-01-22,189.195,193.895,198.555,187.965,75528.0,,2.446305444746799,300757.SZ
2025-01-23,194.955,195.955,207.475,192.505,79408.0,,1.0624306970267394,300757.SZ
2025-01-24,194.955,200.115,204.755,194.235,62976.0,,2.122936388456531,300757.SZ
2025-01-27,191.955,179.455,193.955,179.455,86438.0,,-10.324063663393545,300757.SZ
2025-02-05,170.415,170.555,174.955,162.985,81292.0,,-4.959460589005604,300757.SZ
2025-02-06,173.955,173.915,174.955,168.555,49377.0,,1.9700389903550164,300757.SZ
2025-02-07,173.215,178.955,183.455,173.025,72298.0,,2.8979673978667853,300757.SZ
2025-02-10,178.125,179.725,181.305,176.805,44378.0,,0.4302757676510671,300757.SZ
2025-02-11,179.725,179.755,184.725,178.545,43822.0,,0.016692168590903833,300757.SZ
2025-02-12,178.755,185.745,189.355,177.155,59929.0,,3.3323134266084464,300757.SZ
2025-02-13,184.155,180.985,186.955,180.955,47158.0,,-2.562653099679668,300757.SZ
2025-02-14,180.985,177.955,188.245,174.955,52875.0,,-1.6741718926982951,300757.SZ
2025-02-17,175.735,182.635,186.635,175.715,65512.0,,2.6298783400297676,300757.SZ
2025-02-18,180.955,189.985,195.335,179.975,86829.0,,4.024420291838937,300757.SZ
2025-02-19,186.375,184.955,186.375,182.255,65493.0,,-2.6475774403242336,300757.SZ
2025-02-20,185.955,197.955,202.155,185.955,102923.0,,7.028736719742645,300757.SZ
2025-02-21,195.615,202.165,205.925,190.755,80501.0,,2.1267459776211695,300757.SZ
2025-02-24,199.945,201.385,214.955,196.045,83639.0,,-0.385823461034307,300757.SZ
2025-02-25,197.675,208.055,210.955,192.455,84981.0,,3.312063957097111,300757.SZ
2025-02-26,204.955,204.935,208.455,199.955,56434.0,,-1.4996034702362326,300757.SZ
2025-02-27,202.545,201.955,211.205,196.955,47327.0,,-1.4541195988972078,300757.SZ
2025-02-28,193.805,199.555,211.955,191.955,78344.0,,-1.1883835507910168,300757.SZ
2025-03-03,196.955,170.945,199.955,167.955,114984.0,,-14.336899601613595,300757.SZ
2025-03-04,165.955,176.955,179.955,164.985,68586.0,,3.515750680043306,300757.SZ
2025-03-05,176.965,175.955,178.835,170.755,47062.0,,-0.5651154248255241,300757.SZ
2025-03-06,179.775,194.315,196.615,172.965,81819.0,,10.434486090193506,300757.SZ
2025-03-07,189.315,189.665,194.225,186.955,50321.0,,-2.3930216401204296,300757.SZ
2025-03-10,186.955,183.205,187.855,178.115,48791.0,,-3.406005325178596,300757.SZ
2025-03-11,178.455,181.995,184.655,178.015,32696.0,,-0.6604623236265428,300757.SZ
2025-03-12,182.955,185.455,191.935,181.095,41239.0,,1.901151130525558,300757.SZ
2025-03-13,186.055,180.035,187.455,178.455,37310.0,,-2.9225418565150707,300757.SZ
2025-03-14,179.015,183.755,186.175,175.965,40702.0,,2.066264892937486,300757.SZ
2025-03-17,182.145,199.745,210.615,176.755,99537.0,,8.701804032543347,300757.SZ
2025-03-18,196.815,193.855,197.955,191.765,54594.0,,-2.9487596685774387,300757.SZ
2025-03-19,191.845,185.035,192.455,184.755,46233.0,,-4.549792370586259,300757.SZ
2025-03-20,183.955,186.015,190.405,183.865,33915.0,,0.5296295295484477,300757.SZ
2025-03-21,180.965,180.505,186.785,178.985,35574.0,,-2.9621267102115323,300757.SZ
2025-03-24,190.955,185.455,194.955,181.455,63263.0,,2.7423063073045206,300757.SZ
2025-03-25,186.305,179.955,187.625,172.965,49029.0,,-2.965679005688715,300757.SZ
2025-03-26,178.155,184.315,189.465,177.745,46834.0,,2.4228279292045185,300757.SZ
2025-03-27,181.955,182.485,186.555,180.915,24922.0,,-0.992865474866389,300757.SZ
2025-03-28,181.955,180.365,183.875,180.135,19207.0,,-1.1617393210400895,300757.SZ
2025-03-31,179.955,181.975,183.655,177.965,26283.0,,0.8926343802844183,300757.SZ
2025-04-01,182.035,182.495,187.555,180.955,27006.0,,0.2857535375738518,300757.SZ
2025-04-02,180.955,183.385,186.435,180.955,23989.0,,0.48768459409846976,300757.SZ
2025-04-03,179.955,180.795,182.945,178.735,23083.0,,-1.4123292526651565,300757.SZ
2025-04-07,159.955,144.625,167.775,144.625,68741.0,,-20.006084239055276,300757.SZ
2025-04-08,147.365,144.655,151.195,141.515,53436.0,,0.02074330164218985,300757.SZ
2025-04-09,139.955,144.455,146.455,122.595,69554.0,,-0.13825999792609345,300757.SZ
2025-04-10,161.605,155.065,162.155,153.475,65509.0,,7.344847876501315,300757.SZ
2025-04-11,151.955,161.635,162.575,151.125,47415.0,,4.236932899106827,300757.SZ
2025-04-14,168.955,164.705,170.955,164.235,48920.0,,1.8993411080520994,300757.SZ
2025-04-15,164.945,175.555,175.955,163.315,53648.0,,6.587535290367619,300757.SZ
2025-04-16,173.455,171.485,176.275,169.615,39386.0,,-2.3183617669676138,300757.SZ
2025-04-17,171.485,159.955,182.385,139.955,96588.0,,-6.723620141703357,300757.SZ
2025-04-18,174.955,159.955,176.455,159.955,91550.0,,0.0,300757.SZ
2025-04-21,151.955,144.885,154.755,142.435,107127.0,,-9.421399768684957,300757.SZ
2025-04-22,144.885,142.705,144.945,137.535,72440.0,,-1.5046416123131956,300757.SZ
2025-04-23,144.455,142.915,146.215,141.615,65629.0,,0.14715672190881435,300757.SZ
2025-04-24,138.805,127.755,138.835,127.755,113156.0,,-10.607703879928632,300757.SZ
2025-04-25,128.755,129.785,131.955,126.455,62548.0,,1.5889789049352343,300757.SZ
2025-04-28,129.375,127.395,130.445,127.065,40117.0,,-1.8415071079092349,300757.SZ
2025-04-29,123.715,129.155,131.305,123.185,45154.0,,1.3815298873582238,300757.SZ
2025-04-30,134.945,130.825,135.235,130.025,45650.0,,1.2930200147109883,300757.SZ
2025-05-06,131.455,135.145,135.985,131.455,48535.0,,3.3021211542136664,300757.SZ
2025-05-07,136.975,132.975,138.725,131.755,45838.0,,-1.6056827851566924,300757.SZ
2025-05-08,132.975,135.625,136.475,132.975,50022.0,,1.9928557999624008,300757.SZ
2025-05-09,133.955,130.955,134.835,130.005,38335.0,,-3.443317972350224,300757.SZ
2025-05-12,133.955,135.455,135.955,133.165,41754.0,,3.4362949104654206,300757.SZ
2025-05-13,137.955,134.085,138.835,134.085,42768.0,,-1.011406001993287,300757.SZ
2025-05-14,136.755,135.465,139.835,134.255,52597.0,,1.0291978968564708,300757.SZ
2025-05-15,133.955,134.105,135.615,133.015,33588.0,,-1.0039493596131988,300757.SZ
2025-05-16,133.755,142.215,147.955,133.575,105178.0,,6.047500093210556,300757.SZ
2025-05-19,147.855,146.135,148.445,140.445,70633.0,,2.756389972928308,300757.SZ
2025-05-20,144.955,143.055,146.455,141.985,46054.0,,-2.107640195709437,300757.SZ
2025-05-21,142.195,140.965,144.625,140.955,42508.0,,-1.4609765474817404,300757.SZ
2025-05-22,139.955,137.445,141.445,137.065,35954.0,,-2.497073741708944,300757.SZ
2025-05-23,136.855,136.925,139.305,136.155,30965.0,,-0.3783331514423782,300757.SZ
2025-05-26,134.915,137.575,137.845,134.905,29187.0,,0.4747124338141173,300757.SZ
2025-05-27,136.955,133.455,136.955,132.205,34120.0,,-2.994730147192426,300757.SZ
2025-05-28,133.955,131.625,134.805,130.015,31320.0,,-1.3712487355288405,300757.SZ
2025-05-29,131.635,133.455,134.955,130.255,32872.0,,1.3903133903133913,300757.SZ
2025-05-30,134.445,134.015,137.705,133.655,32679.0,,0.41961709939677405,300757.SZ
2025-06-03,132.455,132.295,135.235,131.315,28256.0,,-1.2834384210722694,300757.SZ
2025-06-04,132.295,133.605,136.155,131.135,44072.0,,0.9902112702672161,300757.SZ
2025-06-05,133.715,141.255,144.945,131.615,88019.0,,5.725833614011466,300757.SZ
2025-06-06,139.845,144.465,144.945,138.555,63245.0,,2.2724859297016176,300757.SZ
2025-06-09,145.965,144.405,148.375,143.955,64876.0,,-0.041532551136957974,300757.SZ
2025-06-10,143.955,138.105,145.745,137.505,57546.0,,-4.362729822374578,300757.SZ
2025-06-11,137.955,138.035,144.635,136.615,48104.0,,-0.0506860721914415,300757.SZ
2025-06-12,137.005,136.255,140.835,135.755,56461.0,,-1.2895280182562363,300757.SZ
2025-06-13,133.955,133.625,137.125,131.715,66159.0,,-1.9302043961689441,300757.SZ
2025-06-16,132.455,133.825,137.525,131.955,47297.0,,0.1496725912067287,300757.SZ
2025-06-17,133.155,132.055,133.755,131.475,32402.0,,-1.3226228283205521,300757.SZ
2025-06-18,132.055,134.805,136.715,131.055,45113.0,,2.082465639316955,300757.SZ
2025-06-19,134.245,132.155,135.175,131.965,35056.0,,-1.9658024553985465,300757.SZ
2025-06-20,131.765,130.385,133.355,128.955,30941.0,,-1.3393363853051454,300757.SZ
2025-06-23,128.955,128.075,130.555,127.265,29811.0,,-1.7716761897457523,300757.SZ
2025-06-24,128.945,131.645,133.565,128.945,34799.0,,2.7874292406792955,300757.SZ
2025-06-25,142.935,139.955,144.815,136.955,92002.0,,6.3124311595579075,300757.SZ
2025-06-26,142.615,141.035,143.955,139.765,74378.0,,0.7716766103390338,300757.SZ
2025-06-27,139.455,146.155,149.725,137.955,100764.0,,3.63030453433546,300757.SZ
2025-06-30,148.935,149.925,152.945,147.445,81840.0,,2.579453320105385,300757.SZ
2025-07-01,149.065,149.955,153.835,147.205,49547.0,,0.02001000500249095,300757.SZ
2025-07-02,148.055,142.265,149.445,141.615,53534.0,,-5.128205128205144,300757.SZ
2025-07-03,142.955,142.285,143.935,140.955,28529.0,,0.014058271535510869,300757.SZ
2025-07-04,143.065,139.145,143.955,139.145,44569.0,,-2.2068383877429043,300757.SZ
2025-07-07,137.635,135.975,138.955,134.655,35195.0,,-2.2781990010420916,300757.SZ
2025-07-08,135.515,139.865,141.855,134.455,48634.0,,2.860820003677156,300757.SZ
2025-07-09,139.675,136.465,140.745,136.085,37242.0,,-2.430915525685484,300757.SZ
2025-07-10,136.955,142.055,146.555,136.875,76185.0,,4.096288425603634,300757.SZ
2025-07-11,146.405,151.115,155.515,144.045,113182.0,,6.3778114110731865,300757.SZ
2025-07-14,156.955,154.555,159.505,153.145,91382.0,,2.2764120041028235,300757.SZ
2025-07-15,155.235,154.215,161.145,153.615,84755.0,,-0.21998641260393414,300757.SZ
2025-07-16,152.455,159.955,167.955,151.245,94961.0,,3.7220763220179753,300757.SZ
2025-07-17,158.755,165.955,168.955,157.715,86675.0,,3.751054984214308,300757.SZ
2025-07-18,166.955,165.955,174.955,165.555,77117.0,,0.0,300757.SZ
2025-07-21,164.615,170.035,172.455,163.965,69519.0,,2.458497785544256,300757.SZ
2025-07-22,169.555,169.675,174.955,167.425,74303.0,,-0.2117211162407706,300757.SZ
2025-07-23,166.825,181.255,181.405,166.825,97761.0,,6.824812140857506,300757.SZ
2025-07-24,182.145,179.925,183.955,176.355,67484.0,,-0.7337728614382977,300757.SZ
2025-07-25,179.455,178.765,183.435,176.445,48269.0,,-0.6447130748923335,300757.SZ
2025-07-28,181.235,180.265,183.925,179.355,51656.0,,0.8390904259782506,300757.SZ
2025-07-29,180.455,184.785,187.855,175.105,85444.0,,2.507419632208152,300757.SZ
2025-07-30,181.005,176.995,182.965,173.855,85528.0,,-4.215710149633356,300757.SZ
2025-07-31,180.355,180.645,188.835,178.755,104561.0,,2.0622051470380542,300757.SZ
2025-08-01,177.975,178.115,184.455,177.955,53356.0,,-1.4005369647651422,300757.SZ
2025-08-04,174.055,175.865,177.555,171.365,52564.0,,-1.2632288128456293,300757.SZ
2025-08-05,177.455,171.945,178.955,169.455,60540.0,,-2.228982458135509,300757.SZ
2025-08-06,170.935,171.115,172.745,169.985,37421.0,,-0.4827124952746398,300757.SZ
2025-08-07,171.135,175.105,181.455,171.125,74363.0,,2.331765187154833,300757.SZ
2025-08-08,174.955,166.755,176.555,166.675,63348.0,,-4.768567430969983,300757.SZ
2025-08-11,167.275,167.505,169.945,165.585,47509.0,,0.44976162633802996,300757.SZ
2025-08-12,165.555,170.845,172.675,164.595,52778.0,,1.9939703292439104,300757.SZ
2025-08-13,173.755,205.025,205.025,172.975,209524.0,,20.00643858468203,300757.SZ
2025-08-14,204.975,207.785,207.955,200.775,146310.0,,1.346177295451767,300757.SZ
2025-08-15,204.955,201.445,205.695,196.955,95809.0,,-3.051230839569752,300757.SZ
2025-08-18,199.615,204.055,211.955,199.115,113891.0,,1.2956390081660052,300757.SZ
2025-08-19,201.815,200.885,210.835,200.075,89142.0,,-1.5535027321065487,300757.SZ
2025-08-20,197.985,201.535,204.255,195.965,65541.0,,0.3235682106677906,300757.SZ
2025-08-21,202.965,213.155,221.955,201.485,120511.0,,5.765747884982764,300757.SZ
2025-08-22,211.965,225.255,229.615,211.965,104030.0,,5.676620299781843,300757.SZ
2025-08-25,234.585,270.315,270.315,232.215,153611.0,,20.003995471798632,300757.SZ
2025-08-26,272.955,267.955,279.255,266.035,142750.0,,-0.8730555093132142,300757.SZ
2025-08-27,268.12,265.77,279.55,258.0,135279.0,"{'nd': '2024', 'fh_sh': '0.45', 'djr': '2025-08-26', 'cqr': '2025-08-27', 'FHcontent': '10派0.45元'}",-0.8154354275904496,300757.SZ
2025-08-28,264.86,267.98,273.0,256.01,151937.0,,0.8315460736727287,300757.SZ
2025-08-29,288.03,262.85,293.88,260.0,125545.0,,-1.9143219643256937,300757.SZ
2025-09-01,260.01,257.1,264.0,247.5,115034.0,,-2.1875594445501245,300757.SZ
2025-09-02,255.13,239.57,262.42,237.79,125081.0,,-6.818358615324782,300757.SZ
2025-09-03,240.88,238.22,244.58,236.5,76154.0,,-0.5635096214050117,300757.SZ
2025-09-04,251.0,231.48,253.6,228.11,115203.0,,-2.8293174376626706,300757.SZ
2025-09-05,234.76,239.94,242.0,229.31,84009.0,,3.6547433903576954,300757.SZ
2025-09-08,237.55,252.8,258.95,233.0,117406.0,,5.3596732516462575,300757.SZ
2025-09-09,248.01,261.65,262.99,246.0,88676.0,,3.500791139240489,300757.SZ
2025-09-10,266.0,253.3,266.5,249.8,74319.0,,-3.191286069176369,300757.SZ
2025-09-11,254.01,265.0,273.56,250.88,99394.0,,4.619028819581517,300757.SZ
2025-09-12,262.0,288.4,303.59,258.87,128302.0,,8.830188679245277,300757.SZ
2025-09-15,284.11,280.25,295.23,279.12,88271.0,,-2.8259361997226007,300757.SZ
2025-09-16,281.02,295.9,299.95,276.66,94159.0,,5.584299732381792,300757.SZ
2025-09-17,293.55,290.58,299.0,282.91,87386.0,,-1.7979046975329482,300757.SZ
2025-09-18,286.25,283.3,306.68,276.1,109652.0,,-2.505334159267658,300757.SZ
2025-09-19,286.01,278.68,289.34,278.01,61896.0,,-1.6307800917755078,300757.SZ
2025-09-22,279.07,286.1,286.25,272.02,67210.0,,2.662552031003318,300757.SZ
2025-09-23,290.02,289.05,296.93,280.0,86370.0,,1.0311080041943255,300757.SZ
2025-09-24,286.5,290.99,297.03,279.02,68979.0,,0.6711641584500994,300757.SZ
2025-09-25,292.0,292.8,302.66,289.06,74650.0,,0.6220145022165724,300757.SZ
2025-09-26,287.01,269.75,291.71,269.6,95611.0,,-7.872267759562845,300757.SZ
2025-09-29,267.8,267.8,273.0,267.12,52688.0,,-0.7228915662650603,300757.SZ
2025-09-30,269.73,262.4,279.87,262.39,64464.0,,-2.0164301717699895,300757.SZ
2025-10-09,262.38,257.0,265.3,252.54,70147.0,,-2.057926829268286,300757.SZ
2025-10-10,255.5,242.0,257.0,240.73,59371.0,,-5.836575875486383,300757.SZ
2025-10-13,224.49,232.88,235.0,221.11,65558.0,,-3.76859504132232,300757.SZ
2025-10-14,240.0,220.68,245.0,220.28,58307.0,,-5.238749570594292,300757.SZ
2025-10-15,221.0,223.93,224.0,217.82,43826.0,,1.4727206815298155,300757.SZ
2025-10-16,223.08,219.57,226.58,218.24,42376.0,,-1.9470370204974774,300757.SZ
2025-10-17,219.99,208.25,220.8,207.0,52337.0,,-5.1555312656556,300757.SZ
2025-10-20,215.0,215.04,223.18,212.01,58021.0,,3.2605042016806696,300757.SZ
2025-10-21,216.01,220.32,220.98,213.0,49820.0,,2.4553571428571397,300757.SZ
2025-10-22,227.99,223.0,231.88,220.59,75103.0,,1.2164124909223029,300757.SZ
2025-10-23,221.98,220.99,223.0,215.75,36158.0,,-0.9013452914798159,300757.SZ
2025-10-24,223.51,229.08,229.08,219.0,52954.0,,3.6607991311824017,300757.SZ
2025-10-27,233.12,228.14,234.49,227.0,59235.0,,-0.41033700017462094,300757.SZ
2025-10-28,225.21,229.95,233.58,223.89,51281.0,,0.7933724905759609,300757.SZ
2025-10-29,223.79,229.29,229.79,221.8,57210.0,,-0.2870189171559012,300757.SZ
2025-10-30,228.49,222.0,232.0,220.2,47869.0,,-3.179379824676176,300757.SZ
2025-10-31,221.34,224.4,238.88,221.34,77989.0,,1.0810810810810922,300757.SZ
2025-11-03,220.9,218.28,222.0,211.6,56613.0,,-2.7272727272727337,300757.SZ
2025-11-04,217.16,212.38,218.0,211.01,33951.0,,-2.7029503390141096,300757.SZ
2025-11-05,208.1,215.65,219.0,208.0,38880.0,,1.539693003107634,300757.SZ
2025-11-06,215.54,225.35,228.45,215.54,56180.0,,4.498029214004173,300757.SZ
2025-11-07,222.97,218.9,224.6,215.66,42108.0,,-2.862214333259372,300757.SZ
2025-11-10,218.0,215.2,218.65,210.0,35655.0,,-1.6902695294655157,300757.SZ
2025-11-11,217.59,213.35,229.99,212.18,65280.0,,-0.859665427509293,300757.SZ
2025-11-12,213.0,210.91,215.47,208.0,32722.0,,-1.1436606515116021,300757.SZ
2025-11-13,210.55,215.09,216.58,208.2,37577.0,,1.9818880091034163,300757.SZ
2025-11-14,212.0,203.04,213.15,203.0,46553.0,,-5.602306011437075,300757.SZ
2025-11-17,202.0,203.23,205.79,199.87,33038.0,,0.09357762017336846,300757.SZ
2025-11-18,201.0,209.0,217.38,201.0,65722.0,,2.8391477636175777,300757.SZ
2025-11-19,208.01,206.8,214.01,204.75,32581.0,,-1.0526315789473606,300757.SZ
2025-11-20,211.58,203.0,212.8,201.5,33378.0,,-1.837524177949712,300757.SZ
2025-11-21,197.0,191.85,200.85,190.1,41043.0,,-5.492610837438427,300757.SZ
2025-11-24,195.5,192.26,196.23,189.21,29843.0,,0.21370862653113942,300757.SZ
2025-11-25,195.01,203.76,219.66,193.47,81588.0,,5.9814834078851575,300757.SZ
2025-11-26,200.38,207.13,212.88,197.0,66653.0,,1.6539065567334088,300757.SZ
2025-11-27,205.01,205.59,213.68,204.99,47621.0,,-0.7434944237918129,300757.SZ
2025-11-28,205.0,206.18,210.0,203.51,34878.0,,0.28697893866433954,300757.SZ
2025-12-01,205.21,202.4,206.28,198.8,42614.0,,-1.8333495004365097,300757.SZ
2025-12-02,200.5,198.85,202.5,197.11,28048.0,,-1.7539525691699698,300757.SZ
2025-12-03,199.71,198.0,204.0,197.3,37096.0,,-0.4274578828262432,300757.SZ
2025-12-04,197.29,198.0,199.99,193.5,28076.0,,0.0,300757.SZ
2025-12-05,198.0,216.3,220.1,195.02,106593.0,,9.242424242424253,300757.SZ
2025-12-08,216.52,234.51,244.0,214.0,122056.0,,8.418862690707352,300757.SZ
2025-12-09,235.5,229.3,237.0,227.28,79672.0,,-2.221653660824685,300757.SZ
2025-12-10,231.16,230.0,237.0,225.3,56964.0,,0.3052769297863023,300757.SZ
2025-12-11,227.63,211.26,227.63,211.01,75396.0,,-8.147826086956522,300757.SZ
2025-12-12,211.62,222.5,229.88,208.28,88127.0,,5.320458203161982,300757.SZ
2025-12-15,217.0,209.0,219.82,209.0,47721.0,,-6.067415730337078,300757.SZ
2025-12-16,209.01,203.74,211.45,200.03,44420.0,,-2.5167464114832505,300757.SZ
2025-12-17,205.0,212.78,213.8,202.12,59735.0,,4.437027584175901,300757.SZ
2025-12-18,206.84,208.3,212.37,206.15,39861.0,,-2.105461039571388,300757.SZ
2025-12-19,210.0,210.65,211.86,204.0,46301.0,,1.1281805088814156,300757.SZ
2025-12-22,211.89,213.0,219.49,211.0,51766.0,,1.1155945881794471,300757.SZ
2025-12-23,212.8,228.11,232.95,211.8,108357.0,,7.093896713615022,300757.SZ
2025-12-24,228.41,239.71,245.0,226.83,93611.0,,5.085265880496248,300757.SZ
2025-12-25,249.0,247.81,266.0,237.63,114477.0,,3.3790830586959197,300757.SZ
2025-12-26,247.81,232.01,250.0,228.26,92106.0,,-6.375852467616328,300757.SZ
2025-12-29,230.0,227.71,232.66,226.4,49378.0,,-1.8533683892935526,300757.SZ
2025-12-30,225.01,225.07,230.74,224.05,48406.0,,-1.1593693733257249,300757.SZ
2025-12-31,235.89,233.3,242.79,230.8,97286.0,,3.656640156395796,300757.SZ
