date,code,open,high,low,close,preclose,volume,amount,adjustflag,turn,tradestatus,pctChg,peTTM,pbMRQ,psTTM,pcfNcfTTM,ts_code,trade_date
2025-02-25,sh.603815,6.6400,6.6800,6.5200,6.5800,6.6800,9246700,60826166.0000,3,1.494000,1,-1.497000,28.232145,1.753640,0.928622,-8.794317,sh.603815.SZ,2025-02-25
2025-02-26,sh.603815,6.6000,6.6500,6.5300,6.5700,6.5800,8369800,54965539.0000,3,1.352300,1,-0.152000,28.189239,1.750975,0.927211,-8.780952,sh.603815.SZ,2025-02-26
2025-02-27,sh.603815,6.5600,6.6800,6.5400,6.6800,6.5700,10344300,68500804.0000,3,1.671300,1,1.674300,28.661205,1.780291,0.942735,-8.927969,sh.603815.SZ,2025-02-27
2025-02-28,sh.603815,6.6600,6.7300,6.5100,6.5400,6.6800,8524700,56198919.0000,3,1.377300,1,-2.095800,28.060521,1.742980,0.922977,-8.740856,sh.603815.SZ,2025-02-28
2025-03-03,sh.603815,6.5000,6.7000,6.4400,6.4900,6.5400,8000600,52325243.0000,3,1.292700,1,-0.764500,27.845991,1.729654,0.915920,-8.674030,sh.603815.SZ,2025-03-03
2025-03-04,sh.603815,6.4300,6.6100,6.4200,6.5900,6.4900,5583200,36591484.0000,3,0.902100,1,1.540800,28.275051,1.756305,0.930033,-8.807682,sh.603815.SZ,2025-03-04
2025-03-05,sh.603815,6.5900,6.6100,6.4600,6.4900,6.5900,5224600,33953575.0000,3,0.844100,1,-1.517500,27.845991,1.729654,0.915920,-8.674030,sh.603815.SZ,2025-03-05
2025-03-06,sh.603815,6.5000,6.6400,6.3900,6.6300,6.4900,9647400,62923492.0000,3,1.558700,1,2.157200,28.446675,1.766966,0.935678,-8.861143,sh.603815.SZ,2025-03-06
2025-03-07,sh.603815,6.6300,6.7600,6.4900,6.5400,6.6300,9421952,62150391.0800,3,1.522300,1,-1.357500,28.060521,1.742980,0.922977,-8.740856,sh.603815.SZ,2025-03-07
2025-03-10,sh.603815,6.5200,6.5800,6.4800,6.5200,6.5400,5631300,36711204.0000,3,0.909900,1,-0.305800,27.974709,1.737649,0.920154,-8.714125,sh.603815.SZ,2025-03-10
2025-03-11,sh.603815,6.4800,6.5100,6.4100,6.4800,6.5200,5427833,35016173.5100,3,0.877000,1,-0.613500,27.803085,1.726989,0.914509,-8.660665,sh.603815.SZ,2025-03-11
2025-03-12,sh.603815,6.4800,6.5300,6.4300,6.5300,6.4800,4569000,29644538.0000,3,0.738200,1,0.771600,28.017615,1.740315,0.921565,-8.727491,sh.603815.SZ,2025-03-12
2025-03-13,sh.603815,6.5300,7.1100,6.4400,6.7900,6.5300,23450649,158784516.6500,3,3.788900,1,3.981600,29.133171,1.809607,0.958259,-9.074986,sh.603815.SZ,2025-03-13
2025-03-14,sh.603815,6.7500,6.8300,6.6800,6.7100,6.7900,11323200,76160040.0000,3,1.829500,1,-1.178200,28.789923,1.788286,0.946968,-8.968065,sh.603815.SZ,2025-03-14
2025-03-17,sh.603815,6.7000,6.8700,6.6800,6.7300,6.7100,8265348,55705165.1800,3,1.335400,1,0.298100,28.875735,1.793617,0.949791,-8.994795,sh.603815.SZ,2025-03-17
2025-03-18,sh.603815,6.7400,6.7700,6.6700,6.7300,6.7300,6756300,45401482.0000,3,1.091600,1,0.000000,28.875735,1.793617,0.949791,-8.994795,sh.603815.SZ,2025-03-18
2025-03-19,sh.603815,6.7300,6.8300,6.6700,6.7200,6.7300,6559400,44060173.0000,3,1.059800,1,-0.148600,28.832829,1.790952,0.948380,-8.981430,sh.603815.SZ,2025-03-19
2025-03-20,sh.603815,6.7200,6.9900,6.6900,6.8400,6.7200,13833210,95105105.9000,3,2.235000,1,1.785700,29.347701,1.822933,0.965315,-9.141813,sh.603815.SZ,2025-03-20
2025-03-21,sh.603815,6.8300,7.0700,6.8300,6.9600,6.8400,15624172,108851609.4000,3,2.524400,1,1.754400,29.862573,1.854914,0.982250,-9.302195,sh.603815.SZ,2025-03-21
2025-03-24,sh.603815,6.9800,7.1500,6.8200,7.0200,6.9600,20755043,145822712.0300,3,3.353400,1,0.862100,30.120009,1.870905,0.990718,-9.382387,sh.603815.SZ,2025-03-24
2025-03-25,sh.603815,6.9900,7.2500,6.9400,7.1600,7.0200,20983724,149577158.3600,3,3.390400,1,1.994300,30.720693,1.908216,1.010476,-9.569500,sh.603815.SZ,2025-03-25
2025-03-26,sh.603815,7.2000,7.3400,7.1300,7.2600,7.1600,15516224,112150895.9600,3,2.507000,1,1.396600,31.149753,1.934867,1.024589,-9.703152,sh.603815.SZ,2025-03-26
2025-03-27,sh.603815,7.2200,7.6400,7.2000,7.5600,7.2600,24062600,179596801.0000,3,3.887800,1,4.132200,32.436933,2.014821,1.066927,-10.104109,sh.603815.SZ,2025-03-27
2025-03-28,sh.603815,7.5100,7.7900,7.3900,7.4600,7.5600,24595082,186479555.7800,3,3.973800,1,-1.322800,32.007873,1.988169,1.052814,-9.970456,sh.603815.SZ,2025-03-28
2025-03-31,sh.603815,7.5100,7.8500,7.4000,7.4800,7.4600,20024700,151676580.3200,3,3.235400,1,0.268100,32.093685,1.993500,1.055637,-9.997187,sh.603815.SZ,2025-03-31
2025-04-01,sh.603815,7.5400,7.7300,7.4300,7.6900,7.4800,18127500,138195775.0000,3,2.928900,1,2.807500,32.994711,2.049467,1.085274,-10.277857,sh.603815.SZ,2025-04-01
2025-04-02,sh.603815,7.7100,7.7700,7.5300,7.7200,7.6900,17408900,133264512.0000,3,2.812800,1,0.390100,33.123429,2.057462,1.089508,-10.317952,sh.603815.SZ,2025-04-02
2025-04-03,sh.603815,7.6200,7.7800,7.6100,7.7200,7.7200,12096600,93188488.0000,3,1.954500,1,0.000000,33.123429,2.057462,1.089508,-10.317952,sh.603815.SZ,2025-04-03
2025-04-07,sh.603815,7.4500,7.5700,6.9500,6.9500,7.7200,25346921,183618392.8300,3,4.095300,1,-9.974100,29.819667,1.852249,0.980839,-9.288830,sh.603815.SZ,2025-04-07
2025-04-08,sh.603815,7.0300,7.6400,7.0300,7.2400,6.9500,16962252,122206633.1900,3,2.740600,1,4.172700,31.063941,1.929537,1.021766,-9.676422,sh.603815.SZ,2025-04-08
2025-04-09,sh.603815,7.1600,7.3200,6.7300,7.2700,7.2400,15808400,111561337.0000,3,2.554200,1,0.414400,31.192659,1.937532,1.026000,-9.716517,sh.603815.SZ,2025-04-09
2025-04-10,sh.603815,7.3900,7.5900,7.2800,7.5000,7.2700,13683500,102226672.0000,3,2.210900,1,3.163700,32.179497,1.998830,1.058460,-10.023917,sh.603815.SZ,2025-04-10
2025-04-11,sh.603815,7.4500,7.6800,7.3200,7.5200,7.5000,18874252,141563923.6000,3,3.049500,1,0.266700,32.265309,2.004160,1.061282,-10.050648,sh.603815.SZ,2025-04-11
2025-04-14,sh.603815,7.5300,7.6200,7.4200,7.4200,7.5200,13334252,100115176.4000,3,2.154400,1,-1.329800,31.836249,1.977509,1.047169,-9.916996,sh.603815.SZ,2025-04-14
2025-04-15,sh.603815,7.4300,7.4600,7.3000,7.3100,7.4200,7462200,54875044.0000,3,1.205700,1,-1.482500,31.364283,1.948193,1.031645,-9.769978,sh.603815.SZ,2025-04-15
2025-04-16,sh.603815,7.2700,7.3100,7.0000,7.2300,7.3100,8583500,61686991.0000,3,1.386800,1,-1.094400,31.021035,1.926872,1.020355,-9.663056,sh.603815.SZ,2025-04-16
2025-04-17,sh.603815,7.1800,7.3400,7.1700,7.2700,7.2300,6314190,45793551.7000,3,1.020200,1,0.553300,31.192659,1.937532,1.026000,-9.716517,sh.603815.SZ,2025-04-17
2025-04-18,sh.603815,7.2800,7.4900,7.1900,7.2200,7.2700,8614500,62868324.4000,3,1.391900,1,-0.687800,30.978129,1.924207,1.018944,-9.649691,sh.603815.SZ,2025-04-18
2025-04-21,sh.603815,7.1900,7.9300,7.1300,7.9300,7.2200,26320352,201219941.4800,3,4.252600,1,9.833800,34.024455,2.113429,1.119145,-10.598622,sh.603815.SZ,2025-04-21
2025-04-22,sh.603815,7.8800,8.1500,7.7800,8.1400,7.9300,22406652,180021333.2000,3,3.620300,1,2.648200,34.925480,2.169397,1.148781,-10.879292,sh.603815.SZ,2025-04-22
2025-04-23,sh.603815,8.0800,8.2200,7.9900,8.0200,8.1400,17929552,145145722.5200,3,2.896900,1,-1.474200,34.410608,2.137415,1.131846,-10.718909,sh.603815.SZ,2025-04-23
2025-04-24,sh.603815,7.9300,8.2400,7.9300,8.0900,8.0200,10720900,86867983.0000,3,1.732200,1,0.872800,34.710950,2.156071,1.141725,-10.812465,sh.603815.SZ,2025-04-24
2025-04-25,sh.603815,8.1500,8.1500,8.0200,8.0500,8.0900,8222500,66351350.0000,3,1.328500,1,-0.494400,34.539326,2.145411,1.136080,-10.759005,sh.603815.SZ,2025-04-25
2025-04-28,sh.603815,8.0200,8.0900,7.7500,7.8200,8.0500,10427200,81981582.0000,3,1.684700,1,-2.857100,33.552489,2.084113,1.103620,-10.451604,sh.603815.SZ,2025-04-28
2025-04-29,sh.603815,7.8700,7.9500,7.6800,7.8900,7.8200,8985900,70124917.0000,3,1.451900,1,0.895100,37.494202,2.077783,1.170160,-12.709351,sh.603815.SZ,2025-04-29
2025-04-30,sh.603815,7.8900,8.0900,7.8900,7.9900,7.8900,8756700,69922179.0000,3,1.414800,1,1.267400,37.863594,2.101934,1.181576,-11.052466,sh.603815.SZ,2025-04-30
2025-05-06,sh.603815,7.9900,8.1200,7.9400,8.0700,7.9900,9597700,77307589.0000,3,1.550700,1,1.001300,38.242703,2.122979,1.193407,-11.163129,sh.603815.SZ,2025-05-06
2025-05-07,sh.603815,8.1100,8.3700,8.0200,8.3000,8.0700,14966800,122728936.0000,3,2.418200,1,2.850100,39.332644,2.183485,1.227420,-11.481285,sh.603815.SZ,2025-05-07
2025-05-08,sh.603815,8.1300,8.3300,8.1300,8.2800,8.3000,8933800,73566683.0000,3,1.443400,1,-0.241000,39.237867,2.178224,1.224462,-11.453619,sh.603815.SZ,2025-05-08
2025-05-09,sh.603815,8.3300,8.6400,8.2300,8.5500,8.2800,15925033,134624181.1900,3,2.573000,1,3.260900,40.517362,2.249253,1.264390,-11.827107,sh.603815.SZ,2025-05-09
2025-05-12,sh.603815,8.5400,8.5900,7.8800,8.1500,8.5500,28599600,234674826.0000,3,4.620900,1,-4.678400,38.621813,2.144025,1.205237,-11.273792,sh.603815.SZ,2025-05-12
2025-05-13,sh.603815,8.1600,8.4800,8.1500,8.2800,8.1500,14654380,121653701.6000,3,2.367700,1,1.595100,39.237867,2.178224,1.224462,-11.453619,sh.603815.SZ,2025-05-13
2025-05-14,sh.603815,8.1900,8.2600,7.9700,8.2500,8.2800,12381500,100599027.0000,3,2.000500,1,-0.362300,39.095701,2.170332,1.220026,-11.412120,sh.603815.SZ,2025-05-14
2025-05-15,sh.603815,8.1700,8.2500,7.8500,7.9400,8.2500,15807700,125617802.0000,3,2.554100,1,-3.757600,37.626650,2.088780,1.174182,-10.983301,sh.603815.SZ,2025-05-15
2025-05-16,sh.603815,7.9600,8.1300,7.9000,8.0500,7.9400,9335100,75217864.0000,3,1.508300,1,1.385400,38.147926,2.117718,1.190449,-11.135463,sh.603815.SZ,2025-05-16
2025-05-19,sh.603815,8.0000,8.2000,7.9300,8.1300,8.0500,9061600,73252225.0000,3,1.464100,1,0.993800,38.527036,2.138763,1.202280,-11.246126,sh.603815.SZ,2025-05-19
2025-05-20,sh.603815,8.1500,8.1600,7.9000,7.9000,8.1300,10707500,85536437.0000,3,1.730000,1,-2.829000,37.437095,2.078257,1.168267,-10.927970,sh.603815.SZ,2025-05-20
2025-05-21,sh.603815,7.9000,7.9400,7.7300,7.7800,7.9000,9263700,72419445.0000,3,1.496700,1,-1.519000,36.868430,2.046689,1.150521,-10.761975,sh.603815.SZ,2025-05-21
2025-05-22,sh.603815,7.7800,7.8000,7.5800,7.5900,7.7800,8266100,63303617.0000,3,1.335600,1,-2.442200,35.968045,1.996705,1.122424,-10.499151,sh.603815.SZ,2025-05-22
2025-05-23,sh.603815,7.6000,7.6800,7.5000,7.5400,7.5900,5800400,44093811.0000,3,0.937200,1,-0.658800,35.731101,1.983552,1.115030,-10.429986,sh.603815.SZ,2025-05-23
2025-05-26,sh.603815,7.5900,7.7700,7.4300,7.5600,7.5400,6931200,52441028.0000,3,1.119900,1,0.265300,35.825878,1.988813,1.117987,-10.457652,sh.603815.SZ,2025-05-26
2025-05-27,sh.603815,7.6000,7.7600,7.5100,7.5800,7.5600,7203400,55063609.0000,3,1.163900,1,0.264600,35.920656,1.994075,1.120945,-10.485318,sh.603815.SZ,2025-05-27
2025-05-28,sh.603815,7.5800,7.6000,7.5000,7.5100,7.5800,3284900,24763321.0000,3,0.530700,1,-0.923500,35.588935,1.975660,1.110593,-10.388488,sh.603815.SZ,2025-05-28
2025-05-29,sh.603815,7.5300,7.7100,7.4600,7.6900,7.5100,6054700,45913411.0000,3,0.978300,1,2.396800,36.441932,2.023012,1.137212,-10.637479,sh.603815.SZ,2025-05-29
2025-05-30,sh.603815,7.6400,7.8700,7.6200,7.6400,7.6900,8272200,64179312.0000,3,1.336500,1,-0.650200,36.204988,2.009859,1.129818,-10.568315,sh.603815.SZ,2025-05-30
2025-06-03,sh.603815,7.6400,7.6500,7.5000,7.5500,7.6400,5999375,45296907.0000,3,0.969300,1,-1.178000,35.778490,1.986182,1.116508,-10.443819,sh.603815.SZ,2025-06-03
2025-06-04,sh.603815,7.5400,7.6000,7.0300,7.1500,7.5500,22473333,162010327.7400,3,3.631000,1,-5.298000,33.882941,1.880954,1.057356,-9.890504,sh.603815.SZ,2025-06-04
2025-06-05,sh.603815,7.1300,7.1500,7.0100,7.0600,7.1500,11302200,79738596.0000,3,1.826100,1,-1.258700,33.456442,1.857278,1.044046,-9.766008,sh.603815.SZ,2025-06-05
2025-06-06,sh.603815,7.0600,7.2000,7.0400,7.1600,7.0600,9456200,67325984.0000,3,1.527800,1,1.416400,33.930329,1.883585,1.058834,-9.904337,sh.603815.SZ,2025-06-06
2025-06-09,sh.603815,7.0800,7.2300,7.0800,7.1500,7.1600,7646200,54718450.0000,3,1.235400,1,-0.139700,33.882941,1.880954,1.057356,-9.890504,sh.603815.SZ,2025-06-09
2025-06-10,sh.603815,7.1600,7.1600,6.9700,7.0700,7.1500,8970000,63126596.0000,3,1.449300,1,-1.118900,33.503831,1.859909,1.045525,-9.779841,sh.603815.SZ,2025-06-10
2025-06-11,sh.603815,7.0900,7.1900,7.0800,7.1200,7.0700,6190300,44205501.0000,3,1.000200,1,0.707200,33.740774,1.873062,1.052919,-9.849006,sh.603815.SZ,2025-06-11
2025-06-12,sh.603815,7.1100,7.1700,7.0000,7.0400,7.1200,5621300,39573648.0000,3,0.908200,1,-1.123600,33.361665,1.852017,1.041089,-9.738343,sh.603815.SZ,2025-06-12
2025-06-13,sh.603815,7.0600,7.0900,6.8900,6.8900,7.0400,5648300,39323471.0000,3,0.912600,1,-2.130700,32.650834,1.812556,1.018906,-9.530850,sh.603815.SZ,2025-06-13
2025-06-16,sh.603815,6.8500,7.0000,6.8500,6.9500,6.8900,4218900,29284982.0000,3,0.681700,1,0.870800,32.935166,1.828340,1.027779,-9.613847,sh.603815.SZ,2025-06-16
2025-06-17,sh.603815,6.9900,6.9900,6.8900,6.9300,6.9500,3948600,27325210.0000,3,0.638000,1,-0.287800,32.840389,1.823079,1.024822,-9.586181,sh.603815.SZ,2025-06-17
2025-06-18,sh.603815,6.9300,6.9500,6.7900,6.8400,6.9300,4682100,32040539.0000,3,0.756500,1,-1.298700,32.413890,1.799402,1.011512,-9.461685,sh.603815.SZ,2025-06-18
2025-06-19,sh.603815,6.8700,6.8700,6.7200,6.8000,6.8400,6040300,41020129.0000,3,0.975900,1,-0.584800,32.224335,1.788880,1.005597,-9.406354,sh.603815.SZ,2025-06-19
2025-06-20,sh.603815,6.7400,6.8500,6.7000,6.7400,6.8000,4729199,31917410.2000,3,0.764100,1,-0.882400,31.940003,1.773095,0.996724,-9.323357,sh.603815.SZ,2025-06-20
2025-06-23,sh.603815,6.7000,6.8200,6.6400,6.8200,6.7400,4240300,28626122.0000,3,0.685100,1,1.186900,32.319112,1.794141,1.008555,-9.434020,sh.603815.SZ,2025-06-23
2025-06-24,sh.603815,6.8400,6.9400,6.8300,6.8800,6.8200,6544900,45062724.0000,3,1.057500,1,0.879800,32.603445,1.809925,1.017427,-9.517017,sh.603815.SZ,2025-06-24
2025-06-25,sh.603815,6.9000,6.9100,6.7700,6.8800,6.8800,8140400,55689704.0000,3,1.315200,1,0.000000,32.603445,1.809925,1.017427,-9.517017,sh.603815.SZ,2025-06-25
2025-06-26,sh.603815,6.8900,6.9500,6.8400,6.8600,6.8800,4765445,32803076.5000,3,0.770000,1,-0.290700,32.508667,1.804664,1.014470,-9.489351,sh.603815.SZ,2025-06-26
2025-06-27,sh.603815,6.8400,7.0400,6.8000,6.9600,6.8600,7161800,49857247.0000,3,1.157100,1,1.457700,32.982555,1.830971,1.029258,-9.627680,sh.603815.SZ,2025-06-27
2025-06-30,sh.603815,6.9700,7.3700,6.9500,7.3100,6.9600,19097500,137966770.6800,3,3.085600,1,5.028700,34.641160,1.923046,1.081017,-10.111830,sh.603815.SZ,2025-06-30
2025-07-01,sh.603815,7.3200,7.6400,7.2000,7.4900,7.3100,15668800,116506177.0000,3,2.531600,1,2.462400,35.494157,1.970398,1.107635,-10.360822,sh.603815.SZ,2025-07-01
2025-07-02,sh.603815,7.4900,7.4900,7.3800,7.4700,7.4900,7031800,52213268.0000,3,1.136100,1,-0.267000,35.399380,1.965137,1.104678,-10.333156,sh.603815.SZ,2025-07-02
2025-07-03,sh.603815,7.4600,7.4800,7.3200,7.4500,7.4700,7194900,53183488.0000,3,1.162500,1,-0.267700,35.304602,1.959875,1.101720,-10.305491,sh.603815.SZ,2025-07-03
2025-07-04,sh.603815,7.4600,7.4600,7.3800,7.4000,7.4500,4401500,32596715.0000,3,0.711200,1,-0.671100,35.067659,1.946722,1.094326,-10.236326,sh.603815.SZ,2025-07-04
2025-07-07,sh.603815,7.3900,7.6100,7.3500,7.5800,7.4000,8056300,60584979.0000,3,1.301700,1,2.432400,35.920656,1.994075,1.120945,-10.485318,sh.603815.SZ,2025-07-07
2025-07-08,sh.603815,7.6000,7.6000,7.4500,7.4600,7.5800,5604100,42055305.0000,3,0.905500,1,-1.583100,35.351991,1.962506,1.103199,-10.319323,sh.603815.SZ,2025-07-08
2025-07-09,sh.603815,7.4500,7.5000,7.3900,7.4100,7.4600,4172200,30980292.0000,3,0.674100,1,-0.670200,35.115047,1.949353,1.095805,-10.250159,sh.603815.SZ,2025-07-09
2025-07-10,sh.603815,7.4100,7.5800,7.3500,7.4300,7.4100,5566300,41446487.0000,3,0.899400,1,0.269900,35.209825,1.954614,1.098763,-10.277825,sh.603815.SZ,2025-07-10
2025-07-11,sh.603815,7.6200,7.7900,7.3800,7.5300,7.4300,13746666,103389395.9800,3,2.221100,1,1.345900,35.683712,1.980921,1.113551,-10.416154,sh.603815.SZ,2025-07-11
2025-07-14,sh.603815,7.4200,7.6600,7.4200,7.6500,7.5300,9459100,71836821.0000,3,1.528300,1,1.593600,36.252377,2.012490,1.131297,-10.582148,sh.603815.SZ,2025-07-14
2025-07-15,sh.603815,7.7000,8.2900,7.6900,7.9000,7.6500,24774330,195410329.4000,3,4.002800,1,3.268000,37.437095,2.078257,1.168267,-10.927970,sh.603815.SZ,2025-07-15
2025-07-16,sh.603815,7.9100,8.0100,7.7500,8.0000,7.9000,11965000,94876335.0000,3,1.933200,1,1.265800,37.910982,2.104564,1.183055,-11.066299,sh.603815.SZ,2025-07-16
2025-07-17,sh.603815,7.9400,8.1300,7.8800,8.0900,7.9400,14430580,115686243.2000,3,2.331600,1,1.889200,38.337481,2.128241,1.196365,-11.190794,sh.603815.SZ,2025-07-17
2025-07-18,sh.603815,8.1000,8.2100,8.0500,8.1300,8.0900,9565300,77776270.0000,3,1.545500,1,0.494400,38.527036,2.138763,1.202280,-11.246126,sh.603815.SZ,2025-07-18
2025-07-21,sh.603815,8.1800,8.2800,7.8500,8.0300,8.1300,18662600,149476482.0000,3,3.015300,1,-1.230000,38.053149,2.112456,1.187492,-11.107797,sh.603815.SZ,2025-07-21
2025-07-22,sh.603815,8.0000,8.6400,7.9500,8.4300,8.0300,25708344,213588034.6000,3,4.153700,1,4.981300,39.948698,2.217685,1.246644,-11.661112,sh.603815.SZ,2025-07-22
2025-07-23,sh.603815,8.1700,8.3600,7.9100,7.9200,8.4300,18574200,150309967.0000,3,3.001000,1,-6.049800,37.531873,2.083519,1.171225,-10.955636,sh.603815.SZ,2025-07-23
2025-07-24,sh.603815,7.9900,8.0300,7.8200,7.9200,7.9200,9177100,72742849.0000,3,1.482800,1,0.000000,37.531873,2.083519,1.171225,-10.955636,sh.603815.SZ,2025-07-24
2025-07-25,sh.603815,7.9600,8.1700,7.9400,8.1200,7.9200,10338500,83642714.0000,3,1.670400,1,2.525300,38.479647,2.136133,1.200801,-11.232293,sh.603815.SZ,2025-07-25
2025-07-28,sh.603815,8.1300,8.2600,8.0800,8.2300,8.1200,10083200,82545272.0000,3,1.629100,1,1.354700,39.000923,2.165070,1.217068,-11.384455,sh.603815.SZ,2025-07-28
2025-07-29,sh.603815,8.2300,8.2300,8.0100,8.0300,8.2300,9780400,79114550.0000,3,1.580200,1,-2.430100,38.053149,2.112456,1.187492,-11.107797,sh.603815.SZ,2025-07-29
2025-07-30,sh.603815,8.0500,8.0500,7.9300,7.9400,8.0300,5676000,45255002.0000,3,0.917100,1,-1.120800,37.626650,2.088780,1.174182,-10.983301,sh.603815.SZ,2025-07-30
2025-07-31,sh.603815,7.9400,7.9800,7.8000,7.8400,7.9400,6021200,47318254.0000,3,0.972800,1,-1.259400,37.152763,2.062473,1.159394,-10.844973,sh.603815.SZ,2025-07-31
2025-08-01,sh.603815,7.8400,7.8900,7.7700,7.7900,7.8400,4868200,38107313.0000,3,0.786600,1,-0.637800,36.915819,2.049319,1.152000,-10.775808,sh.603815.SZ,2025-08-01
2025-08-04,sh.603815,7.7600,7.9400,7.7400,7.9100,7.7900,7236400,56890499.0000,3,1.169200,1,1.540400,37.484484,2.080888,1.169746,-10.941803,sh.603815.SZ,2025-08-04
2025-08-05,sh.603815,7.9600,8.0800,7.8900,7.9000,7.9100,7162200,57238827.0000,3,1.157200,1,-0.126400,37.437095,2.078257,1.168267,-10.927970,sh.603815.SZ,2025-08-05
2025-08-06,sh.603815,7.8900,8.2200,7.8700,8.2100,7.9000,12126200,98267750.0000,3,1.959200,1,3.924100,38.906146,2.159809,1.214110,-11.356789,sh.603815.SZ,2025-08-06
2025-08-07,sh.603815,8.4000,8.4700,7.9100,7.9300,8.2100,16473600,132915882.0300,3,2.661700,1,-3.410500,37.579261,2.086149,1.172703,-10.969468,sh.603815.SZ,2025-08-07
2025-08-08,sh.603815,7.8500,8.0800,7.8100,8.0400,7.9300,11880400,94360128.0000,3,1.919500,1,1.387100,38.100537,2.115087,1.188970,-11.121630,sh.603815.SZ,2025-08-08
2025-08-11,sh.603815,8.0500,8.2800,8.0500,8.2000,8.0400,10797000,88597281.0000,3,1.744500,1,1.990000,38.858757,2.157178,1.212632,-11.342956,sh.603815.SZ,2025-08-11
2025-08-12,sh.603815,8.2000,8.2400,8.1000,8.1600,8.2000,5404600,44008505.0000,3,0.873200,1,-0.487800,38.669202,2.146656,1.206716,-11.287625,sh.603815.SZ,2025-08-12
2025-08-13,sh.603815,8.1800,8.1900,8.1100,8.1600,8.1600,4573100,37245781.0000,3,0.738900,1,0.000000,38.669202,2.146656,1.206716,-11.287625,sh.603815.SZ,2025-08-13
2025-08-14,sh.603815,8.1400,8.2800,8.1300,8.1600,8.1600,9368900,76825439.6800,3,1.513700,1,0.000000,38.669202,2.146656,1.206716,-11.287625,sh.603815.SZ,2025-08-14
2025-08-15,sh.603815,8.1100,8.4200,8.1000,8.3200,8.1600,16525900,136865336.0000,3,2.670100,1,1.960800,39.427422,2.188747,1.230377,-11.508950,sh.603815.SZ,2025-08-15
2025-08-18,sh.603815,8.3200,8.3200,8.1100,8.1400,8.3200,13316200,108791577.0000,3,2.151500,1,-2.163500,38.574425,2.141394,1.203759,-11.259959,sh.603815.SZ,2025-08-18
2025-08-19,sh.603815,8.1300,8.3200,8.1000,8.2700,8.1400,11515900,94666704.0000,3,1.860600,1,1.597100,39.190478,2.175593,1.222983,-11.439786,sh.603815.SZ,2025-08-19
2025-08-20,sh.603815,8.2700,8.3800,8.1800,8.2400,8.2700,6004400,49569071.0000,3,0.970100,1,-0.362800,39.048312,2.167701,1.218547,-11.398288,sh.603815.SZ,2025-08-20
2025-08-21,sh.603815,8.2400,8.5400,8.2400,8.4400,8.2400,14733900,124059128.0000,3,2.380600,1,2.427200,39.996086,2.220315,1.248123,-11.674945,sh.603815.SZ,2025-08-21
2025-08-22,sh.603815,8.3000,8.5800,8.3000,8.4900,8.4400,12525500,105631075.0000,3,2.023800,1,0.592400,31.449795,2.196409,1.212044,-18.525212,sh.603815.SZ,2025-08-22
2025-08-25,sh.603815,8.4600,9.3400,8.4600,9.3400,8.4900,17646800,161636767.0000,3,2.851200,1,10.011800,34.598479,2.416308,1.333391,-20.379915,sh.603815.SZ,2025-08-25
2025-08-26,sh.603815,9.9900,10.0000,9.4200,9.5600,9.3400,58165100,562882718.6800,3,9.397800,1,2.355500,35.413432,2.473224,1.364798,-20.859956,sh.603815.SZ,2025-08-26
2025-08-27,sh.603815,9.5600,10.4500,9.5600,9.8400,9.5600,49444714,494481193.7100,3,7.988800,1,2.928900,36.450646,2.545661,1.404771,-21.470917,sh.603815.SZ,2025-08-27
2025-08-28,sh.603815,9.5900,9.8200,9.3800,9.5700,9.8400,25819493,247052433.4000,3,4.171700,1,-2.743900,35.450476,2.475811,1.366226,-20.881776,sh.603815.SZ,2025-08-28
2025-08-29,sh.603815,9.6500,9.8800,9.4500,9.6500,9.5700,18447200,177163154.0000,3,2.980500,1,0.835900,35.746822,2.496507,1.377647,-21.056336,sh.603815.SZ,2025-08-29
2025-09-01,sh.603815,9.7800,10.2700,9.7800,10.0200,9.6500,30498095,306591408.0500,3,4.927600,1,3.834200,37.117426,2.592228,1.430468,-21.863677,sh.603815.SZ,2025-09-01
2025-09-02,sh.603815,10.2900,11.0200,10.0300,11.0200,10.0200,41191700,437986460.6000,3,6.655400,1,9.980000,40.821760,2.850934,1.573230,-24.045681,sh.603815.SZ,2025-09-02
2025-09-03,sh.603815,11.1800,11.5900,10.6800,10.8700,11.0200,51586326,574131633.0000,3,8.334800,1,-1.361200,40.266110,2.812128,1.551816,-23.718380,sh.603815.SZ,2025-09-03
2025-09-04,sh.603815,10.7100,11.4900,10.6700,11.2000,10.8700,35973646,401248184.2800,3,5.812300,1,3.035900,41.488540,2.897501,1.598927,-24.438442,sh.603815.SZ,2025-09-04
2025-09-05,sh.603815,11.0700,12.3200,11.0700,12.3200,11.2000,40481569,476917441.7600,3,6.540600,1,10.000000,45.637394,3.187251,1.758819,-26.882286,sh.603815.SZ,2025-09-05
2025-09-08,sh.603815,12.2800,12.6100,11.8300,12.1600,12.3200,36058220,442739718.2000,3,5.826000,1,-1.298700,45.044700,3.145858,1.735978,-26.533165,sh.603815.SZ,2025-09-08
2025-09-09,sh.603815,11.9600,12.2800,11.1900,11.3700,12.1600,34843200,404848294.0000,3,5.629600,1,-6.496700,42.118277,2.941480,1.623196,-24.809382,sh.603815.SZ,2025-09-09
2025-09-10,sh.603815,11.4400,11.5500,11.0700,11.2400,11.3700,21847700,245726628.0000,3,3.529900,1,-1.143400,41.636713,2.907849,1.604637,-24.525722,sh.603815.SZ,2025-09-10
2025-09-11,sh.603815,11.2800,11.6300,10.9900,11.3000,11.2400,28743200,323232501.0000,3,4.644100,1,0.533800,41.858973,2.923371,1.613203,-24.656642,sh.603815.SZ,2025-09-11
2025-09-12,sh.603815,11.2800,11.3200,10.7300,10.9000,11.3000,28641631,314022494.0400,3,4.627600,1,-3.539800,40.377240,2.819889,1.556098,-23.783841,sh.603815.SZ,2025-09-12
2025-09-15,sh.603815,11.0600,11.9900,10.9600,11.9900,10.9000,43641300,514052651.0000,3,7.051200,1,10.000000,44.414964,3.101878,1.711708,-26.162225,sh.603815.SZ,2025-09-15
2025-09-16,sh.603815,12.0000,12.2500,11.6800,12.0000,11.9900,33453500,399493802.0000,3,5.405100,1,0.083400,44.452007,3.104465,1.713136,-26.184045,sh.603815.SZ,2025-09-16
2025-09-17,sh.603815,12.0200,12.4700,11.8900,12.3600,12.0000,27964962,343730364.4000,3,4.518300,1,3.000000,45.785567,3.197599,1.764530,-26.969566,sh.603815.SZ,2025-09-17
2025-09-18,sh.603815,12.3700,12.5400,11.9500,12.1100,12.3600,19807100,242065800.0000,3,3.200200,1,-2.022700,44.859484,3.132922,1.728840,-26.424065,sh.603815.SZ,2025-09-18
2025-09-19,sh.603815,12.2700,12.6600,11.8800,12.4000,12.1100,25776000,315275344.3000,3,4.164600,1,2.394700,45.933741,3.207947,1.770240,-27.056846,sh.603815.SZ,2025-09-19
2025-09-22,sh.603815,12.5600,13.0300,12.0600,12.1900,12.4000,21646500,266936659.0000,3,3.497400,1,-1.693500,45.155830,3.153619,1.740260,-26.598625,sh.603815.SZ,2025-09-22
2025-09-23,sh.603815,11.9200,12.0000,11.4900,11.7600,12.1900,17821200,208871185.0000,3,2.879400,1,-3.527500,43.562967,3.042376,1.678873,-25.660364,sh.603815.SZ,2025-09-23
2025-09-24,sh.603815,11.6000,12.6800,11.1700,12.6000,11.7600,25468400,311763847.0000,3,4.114900,1,7.142900,46.674607,3.259688,1.798793,-27.493247,sh.603815.SZ,2025-09-24
2025-09-25,sh.603815,12.6700,13.3700,12.4200,13.2100,12.6000,23923900,309798457.0000,3,3.865400,1,4.841300,48.934251,3.417498,1.885877,-28.824269,sh.603815.SZ,2025-09-25
2025-09-26,sh.603815,12.8700,13.8800,12.7200,13.6000,13.2100,26220200,351797310.0000,3,4.236400,1,2.952300,50.378941,3.518394,1.941554,-29.675251,sh.603815.SZ,2025-09-26
2025-09-29,sh.603815,13.6000,13.7500,13.2300,13.6200,13.6000,16983697,229484422.2900,3,2.744100,1,0.147100,50.453028,3.523568,1.944409,-29.718891,sh.603815.SZ,2025-09-29
2025-09-30,sh.603815,13.6000,13.9700,13.4100,13.6900,13.6200,15605100,213246699.0000,3,2.521300,1,0.514000,50.712331,3.541677,1.954402,-29.871631,sh.603815.SZ,2025-09-30
2025-10-09,sh.603815,13.5700,13.6000,12.5500,12.6900,13.6900,31302294,403202460.3400,3,5.057500,1,-7.304600,47.007997,3.282972,1.811641,-27.689627,sh.603815.SZ,2025-10-09
2025-10-10,sh.603815,12.6800,13.5200,12.5000,13.5000,12.6900,18395000,241274936.0000,3,2.972100,1,6.383000,50.008508,3.492523,1.927278,-29.457050,sh.603815.SZ,2025-10-10
2025-10-13,sh.603815,12.5500,14.3800,12.4500,14.2500,13.5000,26709200,359181295.0000,3,4.315400,1,5.555600,52.786758,3.686552,2.034349,-31.093553,sh.603815.SZ,2025-10-13
2025-10-14,sh.603815,14.2500,14.8000,13.4000,13.5500,14.2500,27927249,386475216.9300,3,4.512200,1,-4.912300,50.193725,3.505458,1.934416,-29.566150,sh.603815.SZ,2025-10-14
2025-10-15,sh.603815,13.5900,13.7600,13.2600,13.7000,13.5500,11697852,158461354.2800,3,1.890000,1,1.107000,50.749375,3.544264,1.955830,-29.893451,sh.603815.SZ,2025-10-15
2025-10-16,sh.603815,13.5500,13.7400,13.1400,13.2000,13.7000,12877400,172538113.0000,3,2.080600,1,-3.649600,48.897208,3.414911,1.884449,-28.802449,sh.603815.SZ,2025-10-16
2025-10-17,sh.603815,13.2000,13.4000,12.2800,12.3800,13.2000,21429931,272521147.6700,3,3.462400,1,-6.212100,45.859654,3.202773,1.767385,-27.013206,sh.603815.SZ,2025-10-17
2025-10-20,sh.603815,12.5600,12.8000,12.3100,12.4900,12.3800,11732228,146671305.8900,3,1.895600,1,0.888500,46.267131,3.231231,1.783089,-27.253226,sh.603815.SZ,2025-10-20
2025-10-21,sh.603815,12.3900,12.9800,12.3900,12.7500,12.4900,8923300,113179860.0000,3,1.441700,1,2.081700,47.230257,3.298494,1.820207,-27.820547,sh.603815.SZ,2025-10-21
2025-10-22,sh.603815,12.7800,12.8200,12.5000,12.6100,12.7500,5714300,72033938.0000,3,0.923300,1,-1.098000,46.711651,3.262275,1.800220,-27.515067,sh.603815.SZ,2025-10-22
2025-10-23,sh.603815,12.6100,12.6900,12.2300,12.4500,12.6100,7422600,91904867.0000,3,1.199300,1,-1.268800,46.118957,3.220882,1.777378,-27.165946,sh.603815.SZ,2025-10-23
2025-10-24,sh.603815,12.5000,13.0800,12.3700,12.8600,12.4500,11427600,145560530.0000,3,1.846400,1,3.293200,47.637734,3.326952,1.835911,-28.060568,sh.603815.SZ,2025-10-24
2025-10-27,sh.603815,12.8200,13.3700,12.8200,12.8600,12.8600,13233700,173097256.0000,3,2.138200,1,0.000000,47.637734,3.326952,1.835911,-28.060568,sh.603815.SZ,2025-10-27
2025-10-28,sh.603815,12.9900,13.8500,12.8900,13.8000,12.8600,21779800,291837395.0000,3,3.519000,1,7.309500,51.119808,3.570135,1.970106,-30.111651,sh.603815.SZ,2025-10-28
2025-10-29,sh.603815,13.6700,13.7700,13.1100,13.3400,13.8000,15659700,208332528.4400,3,2.530100,1,-3.333300,49.495739,3.415480,1.899891,-130.020379,sh.603815.SZ,2025-10-29
2025-10-30,sh.603815,13.3800,13.3800,13.0000,13.0500,13.3400,8557042,112334751.6200,3,1.382600,1,-2.173900,48.419745,3.341230,1.858589,-127.193849,sh.603815.SZ,2025-10-30
2025-10-31,sh.603815,13.0900,13.9700,12.8500,13.8500,13.0500,21153594,286874316.0200,3,3.417800,1,6.130300,51.388005,3.546057,1.972526,-134.991173,sh.603815.SZ,2025-10-31
2025-11-03,sh.603815,13.5000,13.7900,13.2600,13.5100,13.8500,14345410,192800424.2000,3,2.317800,1,-2.454900,50.126494,3.459005,1.924103,-131.677310,sh.603815.SZ,2025-11-03
2025-11-04,sh.603815,13.4800,13.7500,13.2600,13.3700,13.5100,9981400,134424705.0000,3,1.612700,1,-1.036300,49.607049,3.423161,1.904164,-130.312778,sh.603815.SZ,2025-11-04
2025-11-05,sh.603815,13.3100,13.7700,13.0200,13.6000,13.3700,12421515,165541731.2300,3,2.007000,1,1.720300,50.460424,3.482048,1.936921,-132.554509,sh.603815.SZ,2025-11-05
2025-11-06,sh.603815,13.5700,14.3600,13.4500,14.0000,13.6000,18775000,261414033.0000,3,3.033500,1,2.941200,51.944554,3.584461,1.993889,-136.453171,sh.603815.SZ,2025-11-06
2025-11-07,sh.603815,13.9100,14.6800,13.8800,14.4700,14.0000,19001600,271061829.0000,3,3.070100,1,3.357100,53.688407,3.704797,2.060827,-141.034099,sh.603815.SZ,2025-11-07
2025-11-10,sh.603815,14.5500,14.9300,14.1500,14.2900,14.4700,16916400,244981433.0000,3,2.733200,1,-1.244000,53.020548,3.658711,2.035191,-139.279701,sh.603815.SZ,2025-11-10
2025-11-11,sh.603815,14.2900,14.6400,13.4400,13.6600,14.2900,18338986,255617007.0500,3,2.963000,1,-4.408700,50.683043,3.497410,1.945466,-133.139308,sh.603815.SZ,2025-11-11
2025-11-12,sh.603815,13.2900,13.2900,12.6000,12.6600,13.6600,20832300,267343575.8000,3,3.365900,1,-7.320600,46.972718,3.241377,1.803045,-123.392653,sh.603815.SZ,2025-11-12
2025-11-13,sh.603815,12.7500,13.2300,12.4100,13.0900,12.6600,16317422,208369569.3000,3,2.636400,1,3.396500,48.568158,3.351471,1.864286,-127.583715,sh.603815.SZ,2025-11-13
2025-11-14,sh.603815,12.9900,13.6300,12.8200,13.1100,13.0900,15153600,201177360.2600,3,2.448400,1,0.152800,48.642364,3.356592,1.867135,-127.778648,sh.603815.SZ,2025-11-14
2025-11-17,sh.603815,13.0500,13.1500,11.8000,11.8800,13.1100,26858590,330656520.8000,3,4.339600,1,-9.382200,44.078664,3.041672,1.691957,-115.790262,sh.603815.SZ,2025-11-17
2025-11-18,sh.603815,11.9200,12.0000,11.2100,11.3900,11.8800,18471466,211515494.0200,3,2.984400,1,-4.124600,42.260605,2.916215,1.622171,-111.014401,sh.603815.SZ,2025-11-18
2025-11-19,sh.603815,11.4300,11.4500,11.1000,11.1900,11.3900,11925300,134389399.0000,3,1.926800,1,-1.755900,41.518540,2.865009,1.593687,-109.065070,sh.603815.SZ,2025-11-19
2025-11-20,sh.603815,11.2500,11.3400,11.0800,11.2000,11.1900,8484450,94914092.5000,3,1.370800,1,0.089400,41.555643,2.867569,1.595111,-109.162537,sh.603815.SZ,2025-11-20
2025-11-21,sh.603815,11.1200,11.3300,10.8700,10.9400,11.2000,12633600,139590370.0000,3,2.041200,1,-2.321400,40.590958,2.801001,1.558082,-106.628406,sh.603815.SZ,2025-11-21
2025-11-24,sh.603815,10.9400,11.3000,10.6800,11.1100,10.9400,12575590,138944597.3000,3,2.031800,1,1.553900,41.221714,2.844526,1.582293,-108.285338,sh.603815.SZ,2025-11-24
2025-11-25,sh.603815,11.2000,11.4800,11.0200,11.3100,11.1100,13868700,157248346.0000,3,2.240800,1,1.800200,41.963779,2.895733,1.610777,-110.234669,sh.603815.SZ,2025-11-25
2025-11-26,sh.603815,11.2300,11.3300,10.9900,11.1700,11.3100,9048710,100789542.0000,3,1.462000,1,-1.237800,41.444333,2.859888,1.590839,-108.870137,sh.603815.SZ,2025-11-26
2025-11-27,sh.603815,11.2100,11.2900,11.0200,11.0500,11.1700,6747300,75292390.0000,3,1.090200,1,-1.074300,40.999094,2.829164,1.573748,-107.700539,sh.603815.SZ,2025-11-27
2025-11-28,sh.603815,11.0600,12.1600,10.9900,12.1600,11.0500,20016556,235150007.3600,3,3.234100,1,10.045200,45.117555,3.113361,1.731835,-118.519326,sh.603815.SZ,2025-11-28
2025-12-01,sh.603815,12.6000,13.2300,12.1300,12.4900,12.1600,40554800,513455228.0000,3,6.552500,1,2.713800,46.341963,3.197852,1.778834,-121.735722,sh.603815.SZ,2025-12-01
2025-12-02,sh.603815,12.4200,12.6200,12.0000,12.4500,12.4900,23052848,285620320.6000,3,3.724700,1,-0.320300,46.193550,3.187610,1.773137,-121.345856,sh.603815.SZ,2025-12-02
2025-12-03,sh.603815,12.5000,13.0700,12.3500,12.9900,12.4500,23138900,296103201.0000,3,3.738600,1,4.337300,48.197125,3.325868,1.850044,-126.609049,sh.603815.SZ,2025-12-03
2025-12-04,sh.603815,12.6600,12.9500,11.9800,12.1400,12.9900,27264700,334502091.0000,3,4.405200,1,-6.543500,45.043349,3.108240,1.728987,-118.324393,sh.603815.SZ,2025-12-04
2025-12-05,sh.603815,12.0500,12.4000,11.9300,12.0800,12.1400,13433800,162976885.0000,3,2.170500,1,-0.494200,44.820729,3.092878,1.720441,-117.739593,sh.603815.SZ,2025-12-05
2025-12-08,sh.603815,10.8700,10.8700,10.8700,10.8700,12.0800,6046700,65727629.0000,3,0.977000,1,-10.016600,40.331236,2.783078,1.548112,-105.946141,sh.603815.SZ,2025-12-08
2025-12-09,sh.603815,9.7800,9.7800,9.7800,9.7800,10.8700,6378200,62378796.0000,3,1.030500,1,-10.027600,36.286981,2.504002,1.392874,-95.322287,sh.603815.SZ,2025-12-09
2025-12-10,sh.603815,9.0200,9.6800,9.0200,9.4000,9.7800,66287500,609023925.0000,3,10.710100,1,-3.885500,34.877057,2.406710,1.338754,-91.618558,sh.603815.SZ,2025-12-10
2025-12-11,sh.603815,9.0700,9.1300,8.6700,8.6800,9.4000,50895600,451516171.0000,3,8.223200,1,-7.659600,32.205623,2.222366,1.236211,-84.600966,sh.603815.SZ,2025-12-11
2025-12-12,sh.603815,8.8200,8.8800,8.3800,8.4200,8.6800,32913900,279173947.0000,3,5.317900,1,-2.995400,31.240939,2.155798,1.199182,-82.066836,sh.603815.SZ,2025-12-12
2025-12-15,sh.603815,8.4400,8.6500,8.3600,8.3700,8.4200,27094700,229951039.0000,3,4.377700,1,-0.593800,31.055422,2.142996,1.192061,-81.579503,sh.603815.SZ,2025-12-15
2025-12-16,sh.603815,8.3600,8.4300,8.1800,8.2100,8.3700,17270915,142770012.0000,3,2.790500,1,-1.911600,30.461770,2.102031,1.169273,-80.020038,sh.603815.SZ,2025-12-16
2025-12-17,sh.603815,7.8800,8.1500,7.4000,7.6400,8.2100,57826475,442835168.1100,3,9.343100,1,-6.942800,28.346885,1.956092,1.088094,-74.464445,sh.603815.SZ,2025-12-17
2025-12-18,sh.603815,7.5200,7.8000,7.4500,7.5300,7.6400,33308552,253390291.2000,3,5.381700,1,-1.439800,27.938749,1.927928,1.072427,-73.392313,sh.603815.SZ,2025-12-18
2025-12-19,sh.603815,7.5500,7.8200,7.4100,7.7800,7.5300,31411100,240771323.0000,3,5.075100,1,3.320100,28.866331,1.991936,1.108033,-75.828976,sh.603815.SZ,2025-12-19
2025-12-22,sh.603815,7.8600,8.1100,7.7900,7.9700,7.7800,27387800,218538482.0000,3,4.425100,1,2.442200,29.571292,2.040583,1.135092,-77.680841,sh.603815.SZ,2025-12-22
2025-12-23,sh.603815,7.5000,7.7500,7.4900,7.5800,7.9700,42934335,325300935.0400,3,6.936900,1,-4.893400,28.124266,1.940730,1.079548,-73.879645,sh.603815.SZ,2025-12-23
2025-12-24,sh.603815,7.5500,7.6900,7.5000,7.6500,7.5800,30731297,233475799.2600,3,4.965300,1,0.923500,28.383988,1.958652,1.089518,-74.561911,sh.603815.SZ,2025-12-24
2025-12-25,sh.603815,7.7000,7.8700,7.4700,7.8500,7.6500,31269650,240278023.0000,3,5.052300,1,2.614400,29.126053,2.009859,1.118002,-76.511242,sh.603815.SZ,2025-12-25
2025-12-26,sh.603815,7.8000,8.0900,7.7500,7.9900,7.8500,34325700,271303553.0000,3,5.546000,1,1.783400,29.645499,2.045703,1.137941,-77.875774,sh.603815.SZ,2025-12-26
2025-12-29,sh.603815,7.9000,7.9400,7.6100,7.6300,7.9900,29880218,229511359.5200,3,4.827800,1,-4.505600,28.309782,1.953531,1.086669,-74.366978,sh.603815.SZ,2025-12-29
2025-12-30,sh.603815,7.5900,7.7300,7.5300,7.6200,7.6300,19386300,148044876.0000,3,3.132300,1,-0.131100,28.272679,1.950971,1.085245,-74.269512,sh.603815.SZ,2025-12-30
2025-12-31,sh.603815,7.6700,7.6900,7.4300,7.4400,7.6200,21170436,158440440.5600,3,3.420500,1,-2.362200,27.604820,1.904885,1.059610,-72.515114,sh.603815.SZ,2025-12-31
2026-01-05,sh.603815,7.4100,7.6000,7.4000,7.5700,7.4400,18980500,143065134.0000,3,3.066700,1,1.747300,28.087162,1.938170,1.078124,-73.782179,sh.603815.SZ,2026-01-05
2026-01-06,sh.603815,7.5700,7.7100,7.5500,7.6100,7.5700,18647300,142195039.0000,3,3.012900,1,0.528400,28.235575,1.948411,1.083821,-74.172045,sh.603815.SZ,2026-01-06
2026-01-07,sh.603815,7.6200,7.7200,7.5800,7.6200,7.6100,18269900,139651267.0000,3,2.951900,1,0.131400,28.272679,1.950971,1.085245,-74.269512,sh.603815.SZ,2026-01-07
2026-01-08,sh.603815,7.6000,7.8200,7.5700,7.7900,7.6200,24499800,189783758.0000,3,3.958400,1,2.231000,28.903434,1.994497,1.109457,-75.926443,sh.603815.SZ,2026-01-08
2026-01-09,sh.603815,7.7900,7.8500,7.6700,7.8000,7.7900,23638377,183623361.5200,3,3.819300,1,0.128400,28.940537,1.997057,1.110881,-76.023910,sh.603815.SZ,2026-01-09
2026-01-12,sh.603815,7.8500,7.8900,7.7100,7.8200,7.8000,27451400,214302494.0000,3,4.435300,1,0.256400,29.014744,2.002178,1.113729,-76.218843,sh.603815.SZ,2026-01-12
2026-01-13,sh.603815,7.9000,7.9400,7.7100,7.7200,7.8200,24662700,192161070.0000,3,3.984800,1,-1.278800,28.643711,1.976574,1.099487,-75.244177,sh.603815.SZ,2026-01-13
2026-01-14,sh.603815,7.7300,8.0600,7.7100,7.9000,7.7200,35318100,278847781.0000,3,5.706400,1,2.331600,29.311570,2.022660,1.125123,-76.998575,sh.603815.SZ,2026-01-14
2026-01-15,sh.603815,7.9000,8.2000,7.8300,8.0200,7.9000,37091190,297324249.6000,3,5.992800,1,1.519000,29.756809,2.053384,1.142213,-78.168174,sh.603815.SZ,2026-01-15
2026-01-16,sh.603815,8.0200,8.2800,7.8100,7.8400,8.0200,42334036,339421619.4000,3,6.839900,1,-2.244400,29.088950,2.007298,1.116578,-76.413776,sh.603815.SZ,2026-01-16
2026-01-19,sh.603815,7.8000,7.9500,7.7900,7.9000,7.8400,22791136,179402687.9600,3,3.682400,1,0.765300,29.311570,2.022660,1.125123,-76.998575,sh.603815.SZ,2026-01-19
2026-01-20,sh.603815,7.9400,8.0300,7.8100,7.9700,7.9000,22417500,177466121.0000,3,3.622000,1,0.886100,29.571292,2.040583,1.135092,-77.680841,sh.603815.SZ,2026-01-20
2026-01-21,sh.603815,8.0000,8.1300,7.9400,8.0900,7.9700,27663290,223180790.0000,3,4.469600,1,1.505600,30.016531,2.071307,1.152183,-78.850440,sh.603815.SZ,2026-01-21
2026-01-22,sh.603815,8.1300,8.3800,8.0900,8.3000,8.0900,29489994,243235733.2200,3,4.764700,1,2.595800,30.795700,2.125074,1.182091,-80.897237,sh.603815.SZ,2026-01-22
2026-01-23,sh.603815,8.3000,8.3200,8.0600,8.1300,8.3000,32427900,263663182.0000,3,5.239400,1,-2.048200,30.164944,2.081548,1.157880,-79.240306,sh.603815.SZ,2026-01-23
2026-01-26,sh.603815,7.4800,7.6700,7.3200,7.3200,8.1300,39976152,295527186.7200,3,6.459000,1,-9.963100,27.159581,1.874161,1.042519,-71.345515,sh.603815.SZ,2026-01-26
