date,code,open,high,low,close,preclose,volume,amount,adjustflag,turn,tradestatus,pctChg,peTTM,pbMRQ,psTTM,pcfNcfTTM,ts_code,trade_date
2025-02-25,sh.600333,4.6000,4.6500,4.5400,4.5600,4.6000,9102865,41808377.3000,3,1.494600,1,-0.869600,-76.183460,1.477969,1.133853,-17.476714,sh.600333.SZ,2025-02-25
2025-02-26,sh.600333,4.5900,4.6900,4.5900,4.6400,4.5600,9514777,44084779.7300,3,1.562300,1,1.754400,-77.520012,1.503898,1.153745,-17.783324,sh.600333.SZ,2025-02-26
2025-02-27,sh.600333,4.6400,4.6900,4.5800,4.6400,4.6400,8760300,40548839.0000,3,1.438400,1,0.000000,-77.520012,1.503898,1.153745,-17.783324,sh.600333.SZ,2025-02-27
2025-02-28,sh.600333,4.6300,4.7500,4.6200,4.6400,4.6400,17050328,79878332.2600,3,2.799600,1,0.000000,-77.520012,1.503898,1.153745,-17.783324,sh.600333.SZ,2025-02-28
2025-03-03,sh.600333,4.6600,4.7600,4.6200,4.6400,4.6400,13022556,60964777.0800,3,2.138200,1,0.000000,-77.520012,1.503898,1.153745,-17.783324,sh.600333.SZ,2025-03-03
2025-03-04,sh.600333,4.6200,4.6300,4.5600,4.5900,4.6400,9618826,44072039.5200,3,1.579400,1,-1.077600,-76.684667,1.487692,1.141312,-17.591693,sh.600333.SZ,2025-03-04
2025-03-05,sh.600333,4.6200,4.6500,4.4400,4.5200,4.5900,14016500,63196247.0000,3,2.301400,1,-1.525100,-75.515184,1.465004,1.123907,-17.323410,sh.600333.SZ,2025-03-05
2025-03-06,sh.600333,4.5100,4.5400,4.4600,4.5100,4.5200,9439800,42425896.0000,3,1.550000,1,-0.221200,-75.348115,1.461763,1.121420,-17.285084,sh.600333.SZ,2025-03-06
2025-03-07,sh.600333,4.5100,4.5200,4.4400,4.4600,4.5100,9892100,44319186.0000,3,1.624200,1,-1.108600,-74.512770,1.445557,1.108987,-17.093453,sh.600333.SZ,2025-03-07
2025-03-10,sh.600333,4.4500,4.5800,4.4500,4.5000,4.4600,10158081,45898628.4600,3,1.667900,1,0.896900,-75.181046,1.458522,1.118934,-17.246758,sh.600333.SZ,2025-03-10
2025-03-11,sh.600333,4.4800,4.5300,4.4500,4.5300,4.5000,9195312,41243286.0400,3,1.509800,1,0.666700,-75.682253,1.468245,1.126393,-17.361736,sh.600333.SZ,2025-03-11
2025-03-12,sh.600333,4.5300,4.5700,4.5100,4.5500,4.5300,8842780,40176592.4000,3,1.451900,1,0.441500,-76.016391,1.474727,1.131366,-17.438388,sh.600333.SZ,2025-03-12
2025-03-13,sh.600333,4.5400,4.5800,4.4800,4.5700,4.5500,12125202,55056094.0200,3,1.990900,1,0.439600,-76.350529,1.481210,1.136339,-17.515041,sh.600333.SZ,2025-03-13
2025-03-14,sh.600333,4.5700,4.6800,4.5600,4.6800,4.5700,14194628,65748716.7800,3,2.330700,1,2.407000,-78.188288,1.516862,1.163691,-17.936628,sh.600333.SZ,2025-03-14
2025-03-17,sh.600333,4.7000,4.7800,4.6800,4.7400,4.6800,13877501,65759656.7200,3,2.278600,1,1.282100,-79.190701,1.536309,1.178610,-18.166585,sh.600333.SZ,2025-03-17
2025-03-18,sh.600333,4.7400,4.7700,4.6800,4.7600,4.7400,9301006,43939236.3200,3,1.527200,1,0.421900,-79.524839,1.542792,1.183583,-18.243237,sh.600333.SZ,2025-03-18
2025-03-19,sh.600333,4.7600,4.7700,4.7100,4.7300,4.7600,8536165,40477855.3200,3,1.401600,1,-0.630300,-79.023632,1.533068,1.176123,-18.128259,sh.600333.SZ,2025-03-19
2025-03-20,sh.600333,4.7400,4.7500,4.7200,4.7400,4.7300,7227714,34201509.3600,3,1.186800,1,0.211400,-79.190701,1.536309,1.178610,-18.166585,sh.600333.SZ,2025-03-20
2025-03-21,sh.600333,4.7400,4.8000,4.6900,4.7300,4.7400,11128220,52786544.0000,3,1.827200,1,-0.211000,-79.023632,1.533068,1.176123,-18.128259,sh.600333.SZ,2025-03-21
2025-03-24,sh.600333,4.7400,4.7500,4.5500,4.6200,4.7300,11598183,53760887.5400,3,1.904400,1,-2.325600,-77.185874,1.497415,1.148772,-17.706671,sh.600333.SZ,2025-03-24
2025-03-25,sh.600333,4.6200,4.6700,4.5600,4.6600,4.6200,9024014,41753403.1000,3,1.481700,1,0.865800,-77.854150,1.510380,1.158718,-17.859976,sh.600333.SZ,2025-03-25
2025-03-26,sh.600333,4.6500,4.7400,4.6200,4.7400,4.6600,8207901,38628255.7100,3,1.347700,1,1.716700,-79.190701,1.536309,1.178610,-18.166585,sh.600333.SZ,2025-03-26
2025-03-27,sh.600333,4.7200,4.7400,4.6400,4.6700,4.7400,8256100,38527417.0000,3,1.355600,1,-1.476800,-78.021219,1.513621,1.161204,-17.898302,sh.600333.SZ,2025-03-27
2025-03-28,sh.600333,4.6500,4.6600,4.5700,4.6000,4.6700,7925000,36506197.0000,3,1.301200,1,-1.498900,-76.851736,1.490933,1.143799,-17.630019,sh.600333.SZ,2025-03-28
2025-03-31,sh.600333,4.5800,4.6100,4.5000,4.5300,4.6000,8058400,36611298.0000,3,1.323200,1,-1.521700,-75.682253,1.468245,1.126393,-17.361736,sh.600333.SZ,2025-03-31
2025-04-01,sh.600333,4.5400,4.6700,4.5300,4.6300,4.5300,10364010,48027333.5000,3,1.701700,1,2.207500,-77.352943,1.500657,1.151258,-17.744997,sh.600333.SZ,2025-04-01
2025-04-02,sh.600333,4.6300,4.6300,4.5500,4.5500,4.6300,7489100,34271472.0000,3,1.229700,1,-1.727900,-76.016391,1.474727,1.131366,-17.438388,sh.600333.SZ,2025-04-02
2025-04-03,sh.600333,4.5200,4.6200,4.5100,4.6200,4.5500,8044700,36913424.0000,3,1.320900,1,1.538500,-77.185874,1.497415,1.148772,-17.706671,sh.600333.SZ,2025-04-03
2025-04-07,sh.600333,4.5200,4.5300,4.1600,4.1600,4.6200,16346200,69588408.0000,3,2.684000,1,-9.956700,-69.500700,1.348322,1.034392,-15.943669,sh.600333.SZ,2025-04-07
2025-04-08,sh.600333,4.1400,4.2000,4.0700,4.1700,4.1600,13231000,54914591.0000,3,2.172500,1,0.240400,-69.667769,1.351563,1.036878,-15.981995,sh.600333.SZ,2025-04-08
2025-04-09,sh.600333,4.1500,4.3100,3.9300,4.2800,4.1700,16460811,68290034.4600,3,2.702800,1,2.637900,-71.505528,1.387216,1.064230,-16.403583,sh.600333.SZ,2025-04-09
2025-04-10,sh.600333,4.3000,4.4500,4.2500,4.3800,4.2800,12629610,55125000.4000,3,2.073700,1,2.336400,-73.176218,1.419628,1.089095,-16.786844,sh.600333.SZ,2025-04-10
2025-04-11,sh.600333,4.3300,4.4100,4.3100,4.3400,4.3800,7740900,33732679.0000,3,1.271000,1,-0.913200,-72.507942,1.406663,1.079149,-16.633540,sh.600333.SZ,2025-04-11
2025-04-14,sh.600333,4.3600,4.4700,4.3600,4.4400,4.3400,7835010,34695568.3000,3,1.286500,1,2.304100,-74.178632,1.439075,1.104014,-17.016801,sh.600333.SZ,2025-04-14
2025-04-15,sh.600333,4.4400,4.4700,4.4100,4.4300,4.4400,5382400,23880202.0000,3,0.883800,1,-0.225200,-74.011563,1.435833,1.101528,-16.978475,sh.600333.SZ,2025-04-15
2025-04-16,sh.600333,4.4400,4.4600,4.3100,4.3800,4.4300,6503800,28489778.0000,3,1.067900,1,-1.128700,-73.176218,1.419628,1.089095,-16.786844,sh.600333.SZ,2025-04-16
2025-04-17,sh.600333,4.3800,4.4500,4.3500,4.4000,4.3800,5554778,24475298.9800,3,0.912100,1,0.456600,-73.510356,1.426110,1.094068,-16.863496,sh.600333.SZ,2025-04-17
2025-04-18,sh.600333,4.4000,4.4200,4.3500,4.3900,4.4000,4502933,19745801.8900,3,0.739400,1,-0.227300,-73.343287,1.422869,1.091582,-16.825170,sh.600333.SZ,2025-04-18
2025-04-21,sh.600333,4.3800,4.4200,4.3700,4.4000,4.3900,5049600,22185419.0000,3,0.829100,1,0.227800,-73.510356,1.426110,1.094068,-16.863496,sh.600333.SZ,2025-04-21
2025-04-22,sh.600333,4.3800,4.4500,4.3700,4.3900,4.4000,5089528,22386777.9200,3,0.835700,1,-0.227300,-73.343287,1.422869,1.091582,-16.825170,sh.600333.SZ,2025-04-22
2025-04-23,sh.600333,4.4100,4.4100,4.3700,4.3900,4.3900,5224201,22951792.3900,3,0.857800,1,0.000000,-73.343287,1.422869,1.091582,-16.825170,sh.600333.SZ,2025-04-23
2025-04-24,sh.600333,4.3800,4.4700,4.3800,4.4300,4.3900,8503296,37635758.0000,3,1.396200,1,0.911200,-74.011563,1.435833,1.101528,-16.978475,sh.600333.SZ,2025-04-24
2025-04-25,sh.600333,4.4300,4.5200,4.4300,4.4800,4.4300,8396200,37592135.0000,3,1.378600,1,1.128700,-140.902782,1.412673,1.210214,23.289890,sh.600333.SZ,2025-04-25
2025-04-28,sh.600333,4.4900,4.5000,4.4000,4.4400,4.4800,6968048,30960000.6400,3,1.144100,1,-0.892900,-139.644722,1.400060,1.199409,23.081945,sh.600333.SZ,2025-04-28
2025-04-29,sh.600333,4.4400,4.5000,4.4000,4.4800,4.4400,6209600,27731251.0000,3,1.019600,1,0.900900,-140.902782,1.412673,1.210214,23.289890,sh.600333.SZ,2025-04-29
2025-04-30,sh.600333,4.4900,4.5400,4.4600,4.4700,4.4800,6461700,29081807.0000,3,1.061000,1,-0.223200,-140.588267,1.409519,1.207513,23.237904,sh.600333.SZ,2025-04-30
2025-05-06,sh.600333,4.5000,4.5500,4.4900,4.5500,4.4700,7102501,32187318.5300,3,1.166200,1,1.789700,-143.104388,1.434746,1.229124,23.653795,sh.600333.SZ,2025-05-06
2025-05-07,sh.600333,4.5800,4.6400,4.5700,4.6300,4.5500,10195200,46954481.0000,3,1.674000,1,1.758200,-145.620509,1.459972,1.250735,24.069685,sh.600333.SZ,2025-05-07
2025-05-08,sh.600333,4.6300,4.6600,4.5700,4.6300,4.6300,8409570,38892106.1000,3,1.380800,1,0.000000,-145.620509,1.459972,1.250735,24.069685,sh.600333.SZ,2025-05-08
2025-05-09,sh.600333,4.6400,4.7900,4.5700,4.6000,4.6300,19631600,91821119.0000,3,3.223400,1,-0.647900,-144.676964,1.450512,1.242631,23.913726,sh.600333.SZ,2025-05-09
2025-05-12,sh.600333,4.5800,4.6100,4.5300,4.5700,4.6000,9732401,44390195.5700,3,1.598000,1,-0.652200,-143.733418,1.441052,1.234527,23.757767,sh.600333.SZ,2025-05-12
2025-05-13,sh.600333,4.6000,4.6100,4.5400,4.5800,4.5700,9191356,41982822.9200,3,1.509200,1,0.218800,-144.047934,1.444206,1.237228,23.809754,sh.600333.SZ,2025-05-13
2025-05-14,sh.600333,4.5800,4.5800,4.5100,4.5700,4.5800,7494401,34067605.5600,3,1.230500,1,-0.218300,-143.733418,1.441052,1.234527,23.757767,sh.600333.SZ,2025-05-14
2025-05-15,sh.600333,4.5600,4.6500,4.5600,4.6000,4.5700,11030202,50803057.2000,3,1.811100,1,0.656500,-144.676964,1.450512,1.242631,23.913726,sh.600333.SZ,2025-05-15
2025-05-16,sh.600333,4.6300,4.8200,4.6200,4.6900,4.6000,17641258,82848917.8800,3,2.896600,1,1.956500,-147.507600,1.478892,1.266943,24.381604,sh.600333.SZ,2025-05-16
2025-05-19,sh.600333,4.7100,4.7800,4.6300,4.7100,4.6900,14592900,68476009.0000,3,2.396100,1,0.426400,-148.136630,1.485198,1.272346,24.485576,sh.600333.SZ,2025-05-19
2025-05-20,sh.600333,4.7200,4.7700,4.7000,4.7600,4.7100,10463101,49565627.7200,3,1.718000,1,1.061600,-149.709206,1.500965,1.285853,24.745508,sh.600333.SZ,2025-05-20
2025-05-21,sh.600333,4.7800,4.8100,4.7100,4.7400,4.7600,9333201,44402276.7500,3,1.532500,1,-0.420200,-149.080176,1.494658,1.280450,24.641535,sh.600333.SZ,2025-05-21
2025-05-22,sh.600333,4.7400,4.7400,4.6300,4.6600,4.7400,7793600,36518269.0000,3,1.279700,1,-1.687800,-146.564055,1.469432,1.258839,24.225645,sh.600333.SZ,2025-05-22
2025-05-23,sh.600333,4.6700,4.7100,4.6000,4.6100,4.6600,8815000,41107941.0000,3,1.447400,1,-1.073000,-144.991479,1.453665,1.245332,23.965713,sh.600333.SZ,2025-05-23
2025-05-26,sh.600333,4.6400,4.6700,4.6000,4.6600,4.6100,6229400,28941587.0000,3,1.022800,1,1.084600,-146.564055,1.469432,1.258839,24.225645,sh.600333.SZ,2025-05-26
2025-05-27,sh.600333,4.6800,4.7100,4.6400,4.7100,4.6600,6605788,30880480.5200,3,1.084600,1,1.073000,-148.136630,1.485198,1.272346,24.485576,sh.600333.SZ,2025-05-27
2025-05-28,sh.600333,4.7100,4.7300,4.6600,4.6900,4.7100,6712402,31518826.3500,3,1.102100,1,-0.424600,-147.507600,1.478892,1.266943,24.381604,sh.600333.SZ,2025-05-28
2025-05-29,sh.600333,4.7000,4.7700,4.6700,4.7300,4.6900,9748001,46174268.7300,3,1.600600,1,0.852900,-148.765661,1.491505,1.277749,24.589549,sh.600333.SZ,2025-05-29
2025-05-30,sh.600333,4.7600,4.7800,4.6600,4.6700,4.7300,8035601,37868928.6600,3,1.319400,1,-1.268500,-146.878570,1.472585,1.261540,24.277631,sh.600333.SZ,2025-05-30
2025-06-03,sh.600333,4.6700,4.7100,4.6300,4.7000,4.6700,7207100,33659588.0000,3,1.183400,1,0.642400,-147.822115,1.482045,1.269645,24.433590,sh.600333.SZ,2025-06-03
2025-06-04,sh.600333,4.7000,4.7500,4.6800,4.7500,4.7000,6595256,31134063.1000,3,1.082900,1,1.063800,-149.394691,1.497811,1.283151,24.693522,sh.600333.SZ,2025-06-04
2025-06-05,sh.600333,4.7400,4.7600,4.6900,4.7200,4.7500,6460700,30562511.0000,3,1.060800,1,-0.631600,-148.451145,1.488352,1.275047,24.537563,sh.600333.SZ,2025-06-05
2025-06-06,sh.600333,4.7200,4.7700,4.7000,4.7600,4.7200,6797401,32268041.6800,3,1.116100,1,0.847500,-149.709206,1.500965,1.285853,24.745508,sh.600333.SZ,2025-06-06
2025-06-09,sh.600333,4.7400,4.7900,4.7300,4.7800,4.7600,7079400,33712622.0000,3,1.162400,1,0.420200,-150.338236,1.507271,1.291255,24.849481,sh.600333.SZ,2025-06-09
2025-06-10,sh.600333,4.7900,4.8100,4.7200,4.7700,4.7800,7998100,38122840.0000,3,1.313300,1,-0.209200,-150.023721,1.504118,1.288554,24.797495,sh.600333.SZ,2025-06-10
2025-06-11,sh.600333,4.7600,4.8100,4.7400,4.7800,4.7700,6575793,31465571.6100,3,1.079700,1,0.209600,-150.338236,1.507271,1.291255,24.849481,sh.600333.SZ,2025-06-11
2025-06-12,sh.600333,4.7600,4.7800,4.7000,4.7600,4.7800,6894901,32676857.7300,3,1.132100,1,-0.418400,-149.709206,1.500965,1.285853,24.745508,sh.600333.SZ,2025-06-12
2025-06-13,sh.600333,4.7600,4.8800,4.7400,4.7600,4.7600,21251010,102128134.6000,3,3.489300,1,0.000000,-149.709206,1.500965,1.285853,24.745508,sh.600333.SZ,2025-06-13
2025-06-16,sh.600333,4.8700,5.0800,4.8100,4.8300,4.7600,32679078,159147006.2800,3,5.365800,1,1.470600,-151.910812,1.523038,1.304762,25.109413,sh.600333.SZ,2025-06-16
2025-06-17,sh.600333,4.8400,5.0200,4.7300,4.9800,4.8300,46794770,229206569.7700,3,7.683500,1,3.105600,-156.628539,1.570337,1.345283,25.889208,sh.600333.SZ,2025-06-17
2025-06-18,sh.600333,5.0100,5.0100,4.8700,4.8800,4.9800,24706443,121575053.7200,3,4.056700,1,-2.008000,-153.483388,1.538804,1.318269,25.369345,sh.600333.SZ,2025-06-18
2025-06-19,sh.600333,4.8600,5.3500,4.7400,5.1800,4.8800,56678419,285325726.1200,3,9.306300,1,6.147500,-162.918842,1.633403,1.399310,26.928935,sh.600333.SZ,2025-06-19
2025-06-20,sh.600333,5.1000,5.4200,5.0000,5.3000,5.1800,62684027,325673628.3700,3,10.292400,1,2.316600,-166.693024,1.671242,1.431727,27.552772,sh.600333.SZ,2025-06-20
2025-06-23,sh.600333,5.3000,5.3700,5.1500,5.2500,5.3000,41793705,218295834.8000,3,6.862300,1,-0.943400,-165.120448,1.655476,1.418220,27.292840,sh.600333.SZ,2025-06-23
2025-06-24,sh.600333,4.9800,4.9900,4.8300,4.9100,5.2500,39352165,192896115.2800,3,6.461400,1,-6.476200,-154.426933,1.548264,1.326373,25.525304,sh.600333.SZ,2025-06-24
2025-06-25,sh.600333,4.8800,4.9000,4.8400,4.8700,4.9100,18132164,88198469.1600,3,2.977200,1,-0.814700,-153.168873,1.535651,1.315568,25.317358,sh.600333.SZ,2025-06-25
2025-06-26,sh.600333,4.8700,4.9300,4.8300,4.9200,4.8700,19522444,95162158.4000,3,3.205500,1,1.026700,-154.741448,1.551417,1.329075,25.577290,sh.600333.SZ,2025-06-26
2025-06-27,sh.600333,4.8800,4.8900,4.8500,4.8600,4.9200,12226280,59472818.0000,3,2.007500,1,-1.219500,-152.854357,1.532498,1.312866,25.265372,sh.600333.SZ,2025-06-27
2025-06-30,sh.600333,4.8700,4.8700,4.8400,4.8600,4.8600,9250000,44888265.0000,3,1.518800,1,0.000000,-152.854357,1.532498,1.312866,25.265372,sh.600333.SZ,2025-06-30
2025-07-01,sh.600333,4.8500,4.8700,4.8000,4.8200,4.8600,12104400,58384691.0000,3,1.987500,1,-0.823000,-151.596297,1.519884,1.302061,25.057426,sh.600333.SZ,2025-07-01
2025-07-02,sh.600333,4.8300,4.8400,4.8000,4.8200,4.8200,6968261,33591861.4100,3,1.144200,1,0.000000,-151.596297,1.519884,1.302061,25.057426,sh.600333.SZ,2025-07-02
2025-07-03,sh.600333,4.8200,4.8500,4.8100,4.8300,4.8200,6302580,30438582.6000,3,1.034900,1,0.207500,-151.910812,1.523038,1.304762,25.109413,sh.600333.SZ,2025-07-03
2025-07-04,sh.600333,4.8300,4.8600,4.8200,4.8400,4.8300,7461400,36107620.0000,3,1.225100,1,0.207000,-152.225327,1.526191,1.307464,25.161399,sh.600333.SZ,2025-07-04
2025-07-07,sh.600333,4.8500,4.8800,4.8100,4.8800,4.8400,9907367,48086638.4100,3,1.626700,1,0.826400,-153.483388,1.538804,1.318269,25.369345,sh.600333.SZ,2025-07-07
2025-07-08,sh.600333,4.8800,4.9600,4.8700,4.9200,4.8800,10832800,53264612.2300,3,1.778700,1,0.819700,-154.741448,1.551417,1.329075,25.577290,sh.600333.SZ,2025-07-08
2025-07-09,sh.600333,4.9200,5.0200,4.9000,5.0100,4.9200,20341643,101315700.1800,3,3.340000,1,1.829300,-157.572084,1.579797,1.353387,26.045167,sh.600333.SZ,2025-07-09
2025-07-10,sh.600333,5.0000,5.0300,4.9600,4.9700,5.0100,11622100,57950084.0000,3,1.908300,1,-0.798400,-156.314024,1.567184,1.342582,25.837222,sh.600333.SZ,2025-07-10
2025-07-11,sh.600333,4.9900,5.0000,4.9300,5.0000,4.9700,9212200,45786443.0000,3,1.512600,1,0.603600,-157.257569,1.576644,1.350686,25.993181,sh.600333.SZ,2025-07-11
2025-07-14,sh.600333,4.9800,5.0400,4.9700,4.9900,5.0000,9288400,46404302.9000,3,1.525100,1,-0.200000,-156.943054,1.573490,1.347984,25.941195,sh.600333.SZ,2025-07-14
2025-07-15,sh.600333,4.9900,4.9900,4.8700,4.8900,4.9900,11388699,55896396.1100,3,1.870000,1,-2.004000,-153.797903,1.541957,1.320971,25.421331,sh.600333.SZ,2025-07-15
2025-07-16,sh.600333,4.8900,4.9500,4.8700,4.9400,4.8900,6239900,30697570.0000,3,1.024600,1,1.022500,-155.370479,1.557724,1.334477,25.681263,sh.600333.SZ,2025-07-16
2025-07-17,sh.600333,4.9400,4.9600,4.9100,4.9300,4.9400,5314400,26207698.0000,3,0.872600,1,-0.202400,-155.055963,1.554571,1.331776,25.629276,sh.600333.SZ,2025-07-17
2025-07-18,sh.600333,4.9500,4.9500,4.9000,4.9200,4.9300,5482700,26970676.0000,3,0.900200,1,-0.202800,-154.741448,1.551417,1.329075,25.577290,sh.600333.SZ,2025-07-18
2025-07-21,sh.600333,4.9200,5.0400,4.9100,5.0400,4.9200,13864201,69286744.0100,3,2.276400,1,2.439000,-158.515630,1.589257,1.361491,26.201126,sh.600333.SZ,2025-07-21
2025-07-22,sh.600333,5.0200,5.0600,4.9700,5.0600,5.0400,9928388,49754532.0000,3,1.630200,1,0.396800,-159.144660,1.595563,1.366894,26.305099,sh.600333.SZ,2025-07-22
2025-07-23,sh.600333,5.0500,5.0700,4.9900,5.0000,5.0600,8054978,40501676.3400,3,1.322600,1,-1.185800,-157.257569,1.576644,1.350686,25.993181,sh.600333.SZ,2025-07-23
2025-07-24,sh.600333,4.9800,5.0300,4.9700,5.0200,5.0000,6441399,32257665.0000,3,1.057600,1,0.400000,-157.886600,1.582950,1.356088,26.097154,sh.600333.SZ,2025-07-24
2025-07-25,sh.600333,5.0200,5.0200,4.9900,5.0000,5.0200,5687600,28461053.0000,3,0.933900,1,-0.398400,-157.257569,1.576644,1.350686,25.993181,sh.600333.SZ,2025-07-25
2025-07-28,sh.600333,5.0000,5.0300,4.9800,5.0200,5.0000,7346290,36779914.8000,3,1.206200,1,0.400000,-157.886600,1.582950,1.356088,26.097154,sh.600333.SZ,2025-07-28
2025-07-29,sh.600333,5.0200,5.0200,4.9200,4.9700,5.0200,9673200,47899211.0000,3,1.588300,1,-0.996000,-156.314024,1.567184,1.342582,25.837222,sh.600333.SZ,2025-07-29
2025-07-30,sh.600333,4.9500,5.0100,4.9500,4.9900,4.9700,8291664,41326680.7200,3,1.361500,1,0.402400,-156.943054,1.573490,1.347984,25.941195,sh.600333.SZ,2025-07-30
2025-07-31,sh.600333,4.9800,4.9900,4.8800,4.9300,4.9900,11745500,57840355.0000,3,1.928600,1,-1.202400,-155.055963,1.554571,1.331776,25.629276,sh.600333.SZ,2025-07-31
2025-08-01,sh.600333,4.9100,4.9900,4.9000,4.9500,4.9300,7305388,36157812.4000,3,1.199500,1,0.405700,-155.684994,1.560877,1.337179,25.733249,sh.600333.SZ,2025-08-01
2025-08-04,sh.600333,4.9400,5.1800,4.9200,5.0700,4.9500,24905578,126527326.9000,3,4.089400,1,2.424200,-159.459175,1.598717,1.369595,26.357085,sh.600333.SZ,2025-08-04
2025-08-05,sh.600333,5.0700,5.2000,5.0300,5.1400,5.0700,13057518,66897889.9000,3,2.144000,1,1.380700,-161.660781,1.620790,1.388505,26.720990,sh.600333.SZ,2025-08-05
2025-08-06,sh.600333,5.1500,5.1800,5.1100,5.1200,5.1400,8398901,43112864.1200,3,1.379100,1,-0.389100,-161.031751,1.614483,1.383102,26.617017,sh.600333.SZ,2025-08-06
2025-08-07,sh.600333,5.1100,5.2000,5.1000,5.1700,5.1200,11443502,58954239.3200,3,1.879000,1,0.976600,-162.604327,1.630250,1.396609,26.876949,sh.600333.SZ,2025-08-07
2025-08-08,sh.600333,5.2300,5.6300,5.2000,5.3600,5.1700,29307801,157684726.5300,3,4.812200,1,3.675000,-168.580114,1.690162,1.447935,27.864690,sh.600333.SZ,2025-08-08
2025-08-11,sh.600333,5.3500,5.3800,5.2800,5.3000,5.3600,18167702,96583251.6500,3,2.983100,1,-1.119400,-166.693024,1.671242,1.431727,27.552772,sh.600333.SZ,2025-08-11
2025-08-12,sh.600333,5.3000,5.4300,5.2900,5.3700,5.3000,13478730,72244007.1100,3,2.213100,1,1.320800,-168.894629,1.693315,1.450636,27.916676,sh.600333.SZ,2025-08-12
2025-08-13,sh.600333,5.3600,5.3700,5.2800,5.3000,5.3700,13186200,69991500.0000,3,2.165100,1,-1.303500,-166.693024,1.671242,1.431727,27.552772,sh.600333.SZ,2025-08-13
2025-08-14,sh.600333,5.2900,5.3600,5.1800,5.2000,5.3000,13197856,69354413.2000,3,2.167000,1,-1.886800,-163.547872,1.639709,1.404713,27.032908,sh.600333.SZ,2025-08-14
2025-08-15,sh.600333,5.2000,5.2600,5.1900,5.2100,5.2000,9772201,50995425.2200,3,1.604500,1,0.192300,-163.862387,1.642863,1.407414,27.084894,sh.600333.SZ,2025-08-15
2025-08-18,sh.600333,5.2200,5.3700,5.2100,5.2600,5.2100,11991500,63370277.0000,3,1.968900,1,0.959700,-165.434963,1.658629,1.420921,27.344826,sh.600333.SZ,2025-08-18
2025-08-19,sh.600333,5.2500,5.3900,5.2200,5.3600,5.2600,16513901,87751884.3400,3,2.711500,1,1.901100,-168.580114,1.690162,1.447935,27.864690,sh.600333.SZ,2025-08-19
2025-08-20,sh.600333,5.4000,5.4000,5.2900,5.3500,5.3600,17034000,91006810.5400,3,2.796900,1,-0.186600,-168.265599,1.687009,1.445234,27.812704,sh.600333.SZ,2025-08-20
2025-08-21,sh.600333,5.3000,5.4000,5.3000,5.3500,5.3500,11471000,61368893.0000,3,1.883500,1,0.000000,-168.265599,1.687009,1.445234,27.812704,sh.600333.SZ,2025-08-21
2025-08-22,sh.600333,5.3700,5.3700,5.2600,5.3100,5.3500,12171800,64421017.0000,3,1.998600,1,-0.747700,-167.007539,1.674396,1.434428,27.604758,sh.600333.SZ,2025-08-22
2025-08-25,sh.600333,5.3200,5.3200,5.2600,5.2800,5.3100,12741900,67415256.0000,3,2.092200,1,-0.565000,-166.063993,1.664936,1.426324,27.448799,sh.600333.SZ,2025-08-25
2025-08-26,sh.600333,5.2600,5.3200,5.2600,5.3100,5.2800,9317878,49340031.2800,3,1.530000,1,0.568200,-167.007539,1.674396,1.434428,27.604758,sh.600333.SZ,2025-08-26
2025-08-27,sh.600333,5.2900,5.3200,5.1900,5.2000,5.3100,11822093,62086364.1800,3,1.941100,1,-2.071600,-163.547872,1.639709,1.404713,27.032908,sh.600333.SZ,2025-08-27
2025-08-28,sh.600333,5.1800,5.2600,5.0800,5.2400,5.2000,13017500,67400396.2900,3,2.137400,1,0.769200,-89.986459,1.694804,1.424680,219.814951,sh.600333.SZ,2025-08-28
2025-08-29,sh.600333,5.2100,5.2500,5.1700,5.2000,5.2400,8336571,43362935.2000,3,1.368800,1,-0.763400,-89.299539,1.681866,1.413804,218.136974,sh.600333.SZ,2025-08-29
2025-09-01,sh.600333,5.2200,5.3500,5.1900,5.2900,5.2000,15736950,83209573.5700,3,2.583900,1,1.730800,-90.845108,1.710975,1.438274,221.912422,sh.600333.SZ,2025-09-01
2025-09-02,sh.600333,5.3000,5.3700,5.2400,5.3300,5.2900,16842722,89303809.2400,3,2.765500,1,0.756100,-91.532028,1.723913,1.449149,223.590399,sh.600333.SZ,2025-09-02
2025-09-03,sh.600333,5.3200,5.3700,5.1800,5.1900,5.3300,12387377,65104165.7900,3,2.033900,1,-2.626600,-89.127809,1.678632,1.411085,217.717480,sh.600333.SZ,2025-09-03
2025-09-04,sh.600333,5.1900,5.5300,5.1600,5.4900,5.1900,38394754,207266854.8900,3,6.304200,1,5.780300,-94.279706,1.775663,1.492651,230.302306,sh.600333.SZ,2025-09-04
2025-09-05,sh.600333,5.5600,5.5600,5.3800,5.4900,5.4900,27733200,151529602.0000,3,4.553700,1,0.000000,-94.279706,1.775663,1.492651,230.302306,sh.600333.SZ,2025-09-05
2025-09-08,sh.600333,5.4900,5.6500,5.4800,5.5600,5.4900,20565015,114328198.3300,3,3.376700,1,1.275000,-95.481815,1.798303,1.511683,233.238765,sh.600333.SZ,2025-09-08
2025-09-09,sh.600333,5.5600,5.6800,5.5200,5.5600,5.5600,16398900,91295774.0000,3,2.692600,1,0.000000,-95.481815,1.798303,1.511683,233.238765,sh.600333.SZ,2025-09-09
2025-09-10,sh.600333,5.5900,5.6300,5.5300,5.6000,5.5600,12833602,71550219.9200,3,2.107200,1,0.719400,-96.168735,1.811240,1.522558,234.916742,sh.600333.SZ,2025-09-10
2025-09-11,sh.600333,5.6000,5.6200,5.5100,5.6000,5.6000,14317582,79676562.8000,3,2.350900,1,0.000000,-96.168735,1.811240,1.522558,234.916742,sh.600333.SZ,2025-09-11
2025-09-12,sh.600333,5.5900,5.7000,5.5800,5.6500,5.6000,14160778,80023092.4000,3,2.325100,1,0.892900,-97.027384,1.827412,1.536153,237.014213,sh.600333.SZ,2025-09-12
2025-09-15,sh.600333,5.7000,5.7100,5.5900,5.6200,5.6500,11113134,62593994.0800,3,1.824700,1,-0.531000,-96.512194,1.817709,1.527996,235.755730,sh.600333.SZ,2025-09-15
2025-09-16,sh.600333,5.6500,5.7500,5.6100,5.7400,5.6200,16299525,92738591.3300,3,2.676300,1,2.135200,-98.572953,1.856521,1.560622,240.789660,sh.600333.SZ,2025-09-16
2025-09-17,sh.600333,5.7200,5.9300,5.7100,5.8500,5.7400,22505991,131151270.7600,3,3.695400,1,1.916400,-100.461982,1.892099,1.590530,245.404096,sh.600333.SZ,2025-09-17
2025-09-18,sh.600333,5.8500,5.8600,5.6300,5.6900,5.8500,18739900,107625993.2200,3,3.077000,1,-2.735000,-97.714303,1.840350,1.547028,238.692189,sh.600333.SZ,2025-09-18
2025-09-19,sh.600333,5.6700,5.7400,5.6300,5.7000,5.6900,11910800,67613002.0000,3,1.955700,1,0.175700,-97.886033,1.843584,1.549747,239.111683,sh.600333.SZ,2025-09-19
2025-09-22,sh.600333,5.6900,5.7500,5.6400,5.7500,5.7000,10862856,62012716.6400,3,1.783600,1,0.877200,-98.744683,1.859756,1.563341,241.209154,sh.600333.SZ,2025-09-22
2025-09-23,sh.600333,5.7400,5.8500,5.6600,5.8500,5.7500,21532532,124101010.1300,3,3.535500,1,1.739100,-100.461982,1.892099,1.590530,245.404096,sh.600333.SZ,2025-09-23
2025-09-24,sh.600333,5.8300,5.9900,5.8100,5.8800,5.8500,20899153,122757117.8500,3,3.431500,1,0.512800,-100.977171,1.901802,1.598686,246.662579,sh.600333.SZ,2025-09-24
2025-09-25,sh.600333,5.8500,5.8700,5.6800,5.7000,5.8800,17960801,103222397.7300,3,2.949100,1,-3.061200,-97.886033,1.843584,1.549747,239.111683,sh.600333.SZ,2025-09-25
2025-09-26,sh.600333,5.6800,5.8100,5.6600,5.7400,5.7000,10974210,63042483.3000,3,1.801900,1,0.701800,-98.572953,1.856521,1.560622,240.789660,sh.600333.SZ,2025-09-26
2025-09-29,sh.600333,5.7400,5.8800,5.6700,5.8400,5.7400,14451812,83868274.9600,3,2.372900,1,1.742200,-100.290252,1.888865,1.587811,244.984602,sh.600333.SZ,2025-09-29
2025-09-30,sh.600333,5.8700,5.8700,5.8000,5.8400,5.8400,8813756,51359794.2600,3,1.447200,1,0.000000,-100.290252,1.888865,1.587811,244.984602,sh.600333.SZ,2025-09-30
2025-10-09,sh.600333,5.8600,5.9100,5.8100,5.8600,5.8400,12490898,73119312.3200,3,2.050900,1,0.342500,-100.633711,1.895334,1.593249,245.823590,sh.600333.SZ,2025-10-09
2025-10-10,sh.600333,5.8400,6.4200,5.8100,6.2200,5.8600,50176238,310976031.4800,3,8.238700,1,6.143300,-106.815987,2.011771,1.691127,260.925381,sh.600333.SZ,2025-10-10
2025-10-13,sh.600333,6.0300,6.2300,6.0000,6.1400,6.2200,26089493,159483487.2300,3,4.283800,1,-1.286200,-105.442148,1.985896,1.669377,257.569427,sh.600333.SZ,2025-10-13
2025-10-14,sh.600333,6.2000,6.7500,6.1300,6.7000,6.1400,74137251,485629984.0100,3,12.173000,1,9.120500,-115.059022,2.167020,1.821632,281.061102,sh.600333.SZ,2025-10-14
2025-10-15,sh.600333,6.5500,6.9000,6.4300,6.7600,6.7000,66206071,442033153.9300,3,10.870700,1,0.895500,-116.089401,2.186426,1.837946,283.578067,sh.600333.SZ,2025-10-15
2025-10-16,sh.600333,6.7100,6.9800,6.4300,6.7900,6.7600,61498832,408991735.6100,3,10.097800,1,0.443800,-116.604591,2.196129,1.846102,284.836549,sh.600333.SZ,2025-10-16
2025-10-17,sh.600333,6.6200,7.4700,6.5600,7.2500,6.7900,103645592,743418425.2000,3,17.018100,1,6.774700,-124.504165,2.344910,1.971169,304.133282,sh.600333.SZ,2025-10-17
2025-10-20,sh.600333,7.2200,7.9800,6.9800,7.9800,7.2500,118913255,889176550.0000,3,19.525000,1,10.069000,-137.040447,2.581018,2.169646,334.756357,sh.600333.SZ,2025-10-20
2025-10-21,sh.600333,7.7300,7.8000,7.3400,7.6000,7.9800,93003722,704252118.1200,3,15.270800,1,-4.761900,-130.514711,2.458112,2.066329,318.815578,sh.600333.SZ,2025-10-21
2025-10-22,sh.600333,7.3600,7.6500,6.9200,7.0100,7.6000,75438363,544020967.8700,3,12.386600,1,-7.763200,-120.382648,2.267285,1.905917,294.065421,sh.600333.SZ,2025-10-22
2025-10-23,sh.600333,7.0000,7.3100,6.8100,7.1000,7.0100,65379528,466181371.1500,3,10.735000,1,1.283900,-121.928217,2.296394,1.930387,297.840869,sh.600333.SZ,2025-10-23
2025-10-24,sh.600333,6.9000,6.9000,6.5200,6.5600,7.1000,60454991,400144778.9200,3,9.926400,1,-7.605600,-112.654803,2.121739,1.783569,275.188183,sh.600333.SZ,2025-10-24
2025-10-27,sh.600333,6.5000,6.7500,6.4100,6.6500,6.5600,43940674,290221270.9900,3,7.214900,1,1.372000,-114.200372,2.150848,1.808038,278.963631,sh.600333.SZ,2025-10-27
2025-10-28,sh.600333,6.5800,6.7600,6.5300,6.6600,6.6500,35399269,235759821.1600,3,5.812400,1,0.150400,-114.372102,2.154082,1.810757,279.383125,sh.600333.SZ,2025-10-28
2025-10-29,sh.600333,6.6600,6.7900,6.5500,6.7000,6.6600,37547939,251446950.7300,3,6.165200,1,0.600600,-115.059022,2.167020,1.821632,281.061102,sh.600333.SZ,2025-10-29
2025-10-30,sh.600333,6.6800,6.9500,6.6500,6.7400,6.7000,45095846,306251938.3400,3,7.404500,1,0.597000,-531.398185,2.195838,1.833255,111.884153,sh.600333.SZ,2025-10-30
2025-10-31,sh.600333,6.7200,6.9800,6.6400,6.9500,6.7400,48439766,332960149.0200,3,7.953600,1,3.115700,-547.955101,2.264255,1.890374,115.370158,sh.600333.SZ,2025-10-31
2025-11-03,sh.600333,6.9500,7.3700,6.9000,7.2400,6.9500,58208197,417402325.4700,3,9.557500,1,4.172700,-570.819415,2.358734,1.969253,120.184165,sh.600333.SZ,2025-11-03
2025-11-04,sh.600333,7.2400,7.2400,7.0000,7.1800,7.2400,41821250,295754757.3600,3,6.866900,1,-0.828700,-566.088867,2.339187,1.952933,119.188163,sh.600333.SZ,2025-11-04
2025-11-05,sh.600333,7.1000,7.4200,7.0300,7.2000,7.1800,48898247,354555027.4500,3,8.028900,1,0.278600,-567.665717,2.345703,1.958373,119.520164,sh.600333.SZ,2025-11-05
2025-11-06,sh.600333,7.1300,7.3100,6.9600,7.1500,7.2000,38014123,270482103.7100,3,6.241700,1,-0.694400,-563.723594,2.329413,1.944773,118.690163,sh.600333.SZ,2025-11-06
2025-11-07,sh.600333,7.1000,7.3300,7.0300,7.0600,7.1500,38085940,271521776.2800,3,6.253500,1,-1.258700,-556.627772,2.300092,1.920294,117.196161,sh.600333.SZ,2025-11-07
2025-11-10,sh.600333,7.0100,7.0300,6.7200,6.7400,7.0600,41203284,280358945.2600,3,6.765400,1,-4.532600,-531.398185,2.195838,1.833255,111.884153,sh.600333.SZ,2025-11-10
2025-11-11,sh.600333,6.7000,6.9100,6.6600,6.8600,6.7400,28960604,197777946.1700,3,4.755200,1,1.780400,-540.859280,2.234933,1.865894,113.876156,sh.600333.SZ,2025-11-11
2025-11-12,sh.600333,6.8500,7.2000,6.8400,6.9700,6.8600,44221693,311123236.9500,3,7.261000,1,1.603500,-549.531951,2.270771,1.895814,115.702159,sh.600333.SZ,2025-11-12
2025-11-13,sh.600333,6.9100,7.0300,6.7500,6.9800,6.9700,31142344,215240133.0200,3,5.113400,1,0.143500,-550.320375,2.274029,1.898534,115.868159,sh.600333.SZ,2025-11-13
2025-11-14,sh.600333,7.3000,7.6800,7.2500,7.6800,6.9800,54115214,412372835.1200,3,8.885500,1,10.028700,-605.510098,2.502083,2.088931,127.488175,sh.600333.SZ,2025-11-14
2025-11-17,sh.600333,7.6400,8.2500,7.4200,8.0000,7.6800,130863903,1030821569.2700,3,21.487200,1,4.166700,-630.739685,2.606336,2.175970,132.800182,sh.600333.SZ,2025-11-17
2025-11-18,sh.600333,7.8900,7.9000,7.3700,7.5000,8.0000,74478298,563080740.1300,3,12.229000,1,-6.250000,-591.318455,2.443440,2.039972,124.500171,sh.600333.SZ,2025-11-18
2025-11-19,sh.600333,7.5500,7.5800,6.7700,6.9000,7.5000,64675351,455988216.5400,3,10.619400,1,-8.000000,-544.012978,2.247965,1.876774,114.540157,sh.600333.SZ,2025-11-19
2025-11-20,sh.600333,6.8700,6.9600,6.6300,6.7100,6.9000,44018541,298319033.8700,3,7.227600,1,-2.753600,-529.032911,2.186065,1.825095,111.386153,sh.600333.SZ,2025-11-20
2025-11-21,sh.600333,6.6700,6.7700,6.2500,6.2600,6.7100,39662085,255335052.5600,3,6.512300,1,-6.706400,-493.553804,2.039458,1.702697,103.916143,sh.600333.SZ,2025-11-21
2025-11-24,sh.600333,6.2800,6.2900,5.9800,6.1000,6.2600,31473943,192333693.7800,3,5.167900,1,-2.555900,-480.939010,1.987332,1.659177,101.260139,sh.600333.SZ,2025-11-24
2025-11-25,sh.600333,6.1000,6.2900,6.0900,6.2700,6.1000,26965701,168024423.2300,3,4.427600,1,2.786900,-494.342228,2.042716,1.705417,104.082143,sh.600333.SZ,2025-11-25
2025-11-26,sh.600333,6.2400,6.3700,6.2000,6.2300,6.2700,25165601,158167461.2000,3,4.132100,1,-0.638000,-491.188530,2.029684,1.694537,103.418142,sh.600333.SZ,2025-11-26
2025-11-27,sh.600333,6.2000,6.4400,6.1700,6.3300,6.2300,25075153,158237371.9900,3,4.117200,1,1.605100,-499.072776,2.062264,1.721736,105.078144,sh.600333.SZ,2025-11-27
2025-11-28,sh.600333,6.3200,6.4200,6.2300,6.4100,6.3300,22133540,140009030.8900,3,3.634200,1,1.263800,-505.380173,2.088327,1.743496,106.406146,sh.600333.SZ,2025-11-28
2025-12-01,sh.600333,6.4100,6.5700,6.3600,6.3900,6.4100,22369369,144135613.3600,3,3.672900,1,-0.312000,-503.803323,2.081811,1.738056,106.074145,sh.600333.SZ,2025-12-01
2025-12-02,sh.600333,6.3600,6.4000,6.2000,6.3000,6.3900,21875179,137217219.0100,3,3.591800,1,-1.408500,-496.707502,2.052490,1.713576,104.580143,sh.600333.SZ,2025-12-02
2025-12-03,sh.600333,6.3000,6.3900,6.1900,6.2700,6.3000,27986546,175808502.0000,3,4.595300,1,-0.476200,-494.342228,2.042716,1.705417,104.082143,sh.600333.SZ,2025-12-03
2025-12-04,sh.600333,6.2200,6.3700,6.0700,6.0900,6.2700,23695239,145730245.7400,3,3.890600,1,-2.870800,-480.150585,1.984074,1.656457,101.094139,sh.600333.SZ,2025-12-04
2025-12-05,sh.600333,6.0800,6.1100,5.9300,6.0000,6.0900,21272835,127350700.9500,3,3.492900,1,-1.477800,-473.054764,1.954752,1.631978,99.600137,sh.600333.SZ,2025-12-05
2025-12-08,sh.600333,6.0200,6.1700,6.0000,6.0600,6.0000,16781602,101587083.1000,3,2.755500,1,1.000000,-477.785311,1.974300,1.648297,100.596138,sh.600333.SZ,2025-12-08
2025-12-09,sh.600333,6.0500,6.1400,5.9500,6.0600,6.0600,25149842,151974878.5200,3,4.129500,1,0.000000,-477.785311,1.974300,1.648297,100.596138,sh.600333.SZ,2025-12-09
2025-12-10,sh.600333,6.0800,6.1300,5.9800,6.1300,6.0600,18613005,112738142.0000,3,3.056200,1,1.155100,-483.304284,1.997105,1.667337,101.758140,sh.600333.SZ,2025-12-10
2025-12-11,sh.600333,6.1300,6.1400,5.9300,6.0000,6.1300,21982910,131802350.9400,3,3.609500,1,-2.120700,-473.054764,1.954752,1.631978,99.600137,sh.600333.SZ,2025-12-11
2025-12-12,sh.600333,6.0500,6.1200,5.9100,5.9400,6.0000,29489000,177555783.0000,3,4.842000,1,-1.000000,-468.324216,1.935205,1.615658,98.604135,sh.600333.SZ,2025-12-12
2025-12-15,sh.600333,5.8600,5.9000,5.7400,5.7500,5.9400,24502992,142297173.9800,3,4.023300,1,-3.198700,-453.344149,1.873304,1.563978,95.450131,sh.600333.SZ,2025-12-15
2025-12-16,sh.600333,5.7400,5.7600,5.5500,5.5700,5.7500,20782600,116775892.0000,3,3.412400,1,-3.130400,-439.152506,1.814662,1.515019,92.462127,sh.600333.SZ,2025-12-16
2025-12-17,sh.600333,5.5300,5.6000,5.4700,5.5700,5.5700,15603000,86447482.0000,3,2.561900,1,0.000000,-439.152506,1.814662,1.515019,92.462127,sh.600333.SZ,2025-12-17
2025-12-18,sh.600333,5.5500,5.6300,5.5200,5.5600,5.5700,12280750,68607017.4900,3,2.016400,1,-0.179500,-438.364081,1.811404,1.512299,92.296127,sh.600333.SZ,2025-12-18
2025-12-19,sh.600333,5.5800,5.6700,5.5400,5.6700,5.5600,13657051,76748300.6100,3,2.242400,1,1.978400,-447.036752,1.847241,1.542219,94.122129,sh.600333.SZ,2025-12-19
2025-12-22,sh.600333,5.6800,5.7200,5.6100,5.7100,5.6700,12065000,68514655.0000,3,1.981000,1,0.705500,-450.190450,1.860273,1.553099,94.786130,sh.600333.SZ,2025-12-22
2025-12-23,sh.600333,5.7100,5.7500,5.6000,5.6500,5.7100,14455100,81507699.0000,3,2.373500,1,-1.050800,-445.459903,1.840725,1.536779,93.790129,sh.600333.SZ,2025-12-23
2025-12-24,sh.600333,5.6200,5.7100,5.6100,5.6700,5.6500,11905200,67625470.0000,3,1.954800,1,0.354000,-447.036752,1.847241,1.542219,94.122129,sh.600333.SZ,2025-12-24
2025-12-25,sh.600333,5.6900,5.7600,5.6700,5.7500,5.6700,12904753,73850694.1000,3,2.118900,1,1.410900,-453.344149,1.873304,1.563978,95.450131,sh.600333.SZ,2025-12-25
2025-12-26,sh.600333,5.7500,5.7600,5.6600,5.7000,5.7500,12589800,71722675.0000,3,2.067200,1,-0.869600,-449.402026,1.857015,1.550379,94.620130,sh.600333.SZ,2025-12-26
2025-12-29,sh.600333,5.6700,5.7100,5.6100,5.6200,5.7000,10519820,59393370.8000,3,1.727300,1,-1.403500,-443.094629,1.830951,1.528619,93.292128,sh.600333.SZ,2025-12-29
2025-12-30,sh.600333,5.6300,5.6500,5.4900,5.5600,5.6200,12666778,70441290.1200,3,2.079800,1,-1.067600,-438.364081,1.811404,1.512299,92.296127,sh.600333.SZ,2025-12-30
2025-12-31,sh.600333,5.5500,5.5800,5.4800,5.5300,5.5600,11511420,63557072.6000,3,1.890100,1,-0.539600,-435.998807,1.801630,1.504139,91.798126,sh.600333.SZ,2025-12-31
2026-01-05,sh.600333,5.5300,5.5900,5.5300,5.5500,5.5300,11350520,63080601.0000,3,1.863700,1,0.361700,-437.575657,1.808146,1.509579,92.130126,sh.600333.SZ,2026-01-05
2026-01-06,sh.600333,5.5500,5.6300,5.5300,5.5700,5.5500,13028278,72607388.8000,3,2.139200,1,0.360400,-439.152506,1.814662,1.515019,92.462127,sh.600333.SZ,2026-01-06
2026-01-07,sh.600333,5.5900,5.5900,5.4700,5.5400,5.5700,18405173,101659463.3100,3,3.022000,1,-0.538600,-436.787232,1.804888,1.506859,91.964126,sh.600333.SZ,2026-01-07
2026-01-08,sh.600333,5.5500,5.7400,5.5300,5.6800,5.5400,26906320,152479365.2400,3,4.417900,1,2.527100,-447.825176,1.850499,1.544939,94.288129,sh.600333.SZ,2026-01-08
2026-01-09,sh.600333,5.6500,5.7200,5.6200,5.7000,5.6800,19246709,109097765.1600,3,3.160200,1,0.352100,-449.402026,1.857015,1.550379,94.620130,sh.600333.SZ,2026-01-09
2026-01-12,sh.600333,5.7000,5.7100,5.6100,5.7000,5.7000,16300932,92355473.1400,3,2.676500,1,0.000000,-449.402026,1.857015,1.550379,94.620130,sh.600333.SZ,2026-01-12
2026-01-13,sh.600333,5.7100,5.8000,5.6600,5.7500,5.7000,24984105,143597405.7500,3,4.102300,1,0.877200,-453.344149,1.873304,1.563978,95.450131,sh.600333.SZ,2026-01-13
2026-01-14,sh.600333,5.7400,5.9200,5.7000,5.7900,5.7500,31850783,184829633.8600,3,5.229800,1,0.695700,-456.497847,1.886336,1.574858,96.114132,sh.600333.SZ,2026-01-14
2026-01-15,sh.600333,5.8000,6.0300,5.7700,5.8900,5.7900,39628531,234040304.8200,3,6.506800,1,1.727100,-464.382093,1.918915,1.602058,97.774134,sh.600333.SZ,2026-01-15
2026-01-16,sh.600333,5.9700,6.1200,5.8900,6.1200,5.8900,52699697,318831018.3000,3,8.653000,1,3.904900,-482.515859,1.993847,1.664617,101.592139,sh.600333.SZ,2026-01-16
2026-01-19,sh.600333,6.2000,6.6500,6.1200,6.4500,6.1200,67863241,431635911.4900,3,11.142800,1,5.392200,-508.533871,2.101359,1.754376,107.070147,sh.600333.SZ,2026-01-19
2026-01-20,sh.600333,6.6000,6.6200,6.1100,6.1900,6.4500,58692051,368648142.6500,3,9.637000,1,-4.031000,-488.034831,2.016653,1.683657,102.754141,sh.600333.SZ,2026-01-20
2026-01-21,sh.600333,6.4000,6.5800,6.2600,6.3600,6.1900,50313634,320969718.8100,3,8.261300,1,2.746400,-501.438050,2.072037,1.729896,105.576145,sh.600333.SZ,2026-01-21
2026-01-22,sh.600333,6.2100,6.7000,6.1500,6.4700,6.3600,58378367,376392015.1900,3,9.585500,1,1.729600,-510.110720,2.107875,1.759816,107.402147,sh.600333.SZ,2026-01-22
2026-01-23,sh.600333,6.3200,6.3300,6.1800,6.2300,6.4700,44915220,279601194.0600,3,7.374900,1,-3.709400,-491.188530,2.029684,1.694537,103.418142,sh.600333.SZ,2026-01-23
2026-01-26,sh.600333,6.1800,6.2000,5.9600,6.0000,6.2300,33877823,204730183.1600,3,5.562600,1,-3.691800,-473.054764,1.954752,1.631978,99.600137,sh.600333.SZ,2026-01-26
